,material,month,model,accuracy,rmse,actual,predicted
0,sku1009,2023-07,ARIMA,60.69149807499099,42.06009705975964,[107],[64.93990294]
1,sku1009,2023-07,SARIMA,-29.901976905466,138.9951152888486,[107],[245.99511529]
2,sku1009,2023-07,Theta,-178.38013319067255,297.8667425140196,[107],[404.86674251]
3,sku1009,2023-07,Croston,78.4822838328709,23.023956298828125,[107],[83.97604]
4,sku1009,2023-08,ARIMA,79.70789413268629,15.219079400485278,[75],[59.7809206]
5,sku1009,2023-08,SARIMA,35.5982282222994,48.30132883327545,[75],[123.30132883]
6,sku1009,2023-08,Theta,-84.95556888101586,138.7166766607619,[75],[213.71667666]
7,sku1009,2023-08,Croston,75.01235961914062,18.74073028564453,[75],[93.74073]
8,sku1009,2023-09,ARIMA,89.56249950564631,6.366875301555751,[61],[54.6331247]
9,sku1009,2023-09,SARIMA,92.22510620872883,4.742685212675411,[61],[65.74268521]
10,sku1009,2023-09,Theta,88.67425201385088,6.908706271550969,[61],[67.90870627]
11,sku1009,2023-09,Croston,41.49657702836834,35.68708801269531,[61],[96.68709]
12,sku1009,2023-10,ARIMA,72.44863042547183,20.663527180896125,[75],[54.33647282]
13,sku1009,2023-10,SARIMA,0.9765231885209715,74.26760760860927,[75],[0.73239239]
14,sku1009,2023-10,Theta,21.306311072794173,59.02026669540437,[75],[15.9797333]
15,sku1009,2023-10,Croston,77.92672729492188,16.554954528808594,[75],[91.554955]
16,sku1009,2023-11,ARIMA,79.87567169907484,15.495732791712364,[77],[61.50426721]
17,sku1009,2023-11,SARIMA,72.59877623083962,21.09894230225349,[77],[98.0989423]
18,sku1009,2023-11,Theta,12.565001107626898,67.32494914712728,[77],[144.32494915]
19,sku1009,2023-11,Croston,90.34326726740056,7.4356842041015625,[77],[84.435684]
20,sku1009,2023-12,ARIMA,95.68019597514783,3.2830510588876507,[76],[72.71694894]
21,sku1009,2023-12,SARIMA,2.4385422831803822,74.14670786478291,[76],[150.14670786]
22,sku1009,2023-12,Theta,-61.71781787749069,122.90554158689292,[76],[198.90554159]
23,sku1009,2023-12,Croston,91.87148244757401,6.17767333984375,[76],[82.17767]
24,sku1011,2023-07,ARIMA,68.9387059105254,18.63677645368476,[60],[41.36322355]
25,sku1011,2023-07,SARIMA,94.371500915273,3.377099450836198,[60],[63.37709945]
26,sku1011,2023-07,Theta,91.96481257227506,4.821112456634964,[60],[64.82111246]
27,sku1011,2023-07,Croston,93.11136881510417,4.1331787109375,[60],[64.13318]
28,sku1011,2023-08,ARIMA,72.11186622157504,20.91610033381872,[75],[95.91610033]
29,sku1011,2023-08,SARIMA,27.73283092015943,54.200376809880424,[75],[129.20037681]
30,sku1011,2023-08,Theta,62.40052703137229,28.19960472647078,[75],[46.80039527]
31,sku1011,2023-08,Croston,79.03224182128906,15.725818634033203,[75],[59.27418]
32,sku1011,2023-09,ARIMA,83.99340908958398,8.803625000728815,[55],[46.196375]
33,sku1011,2023-09,SARIMA,27.039238519280104,40.12841881439594,[55],[95.12841881]
34,sku1011,2023-09,Theta,95.3380897230948,2.5640506522978583,[55],[52.43594935]
35,sku1011,2023-09,Croston,91.87720558860084,4.467536926269531,[55],[59.467537]
36,sku1011,2023-10,ARIMA,19.515654021911345,19.316243034741277,[24],[43.31624303]
37,sku1011,2023-10,SARIMA,23.66193298120463,18.32113608451089,[24],[5.67886392]
38,sku1011,2023-10,Theta,-73.02679369989102,41.52643048797384,[24],[65.52643049]
39,sku1011,2023-10,Croston,-67.07487106323242,40.09796905517578,[24],[64.09797]
40,sku1011,2023-11,ARIMA,-201.71129483752048,72.41071076100492,[24],[96.41071076]
41,sku1011,2023-11,SARIMA,-53.819390837493046,36.91665380099833,[24],[60.9166538]
42,sku1011,2023-11,Theta,-19.43221329150724,28.663731189961737,[24],[52.66373119]
43,sku1011,2023-11,Croston,-55.63158988952637,37.35158157348633,[24],[61.35158]
44,sku1011,2023-12,ARIMA,21.85820799588663,52.355000642755954,[67],[14.64499936]
45,sku1011,2023-12,SARIMA,0.0,67.0,[67],[0]
46,sku1011,2023-12,Theta,38.10335550457502,41.47075181193474,[67],[25.52924819]
47,sku1011,2023-12,Croston,74.84012432952426,16.85711669921875,[67],[50.142883]
48,sku1080,2023-07,ARIMA,88.46043264146697,22.502156349139426,[195],[172.49784365]
49,sku1080,2023-07,SARIMA,-86.54127454981392,363.7554853721372,[195],[558.75548537]
50,sku1080,2023-07,Theta,50.876937910233025,95.7899710750456,[195],[99.21002892]
51,sku1080,2023-07,Croston,56.17884318033854,85.45125579833984,[195],[109.548744]
52,sku1080,2023-08,ARIMA,90.45651721323942,18.13261729484509,[190],[171.86738271]
53,sku1080,2023-08,SARIMA,56.10765450577464,83.39545643902818,[190],[273.39545644]
54,sku1080,2023-08,Theta,53.3957860613435,88.54800648344735,[190],[101.45199352]
55,sku1080,2023-08,Croston,58.694020321494655,78.48136138916016,[190],[111.51864]
56,sku1080,2023-09,ARIMA,-2.943109347503153,102.94310934750314,[100],[202.94310935]
57,sku1080,2023-09,SARIMA,85.13726716982839,14.862732830171609,[100],[114.86273283]
58,sku1080,2023-09,Theta,72.56339804448159,27.436601955518412,[100],[127.43660196]
59,sku1080,2023-09,Croston,66.01773071289062,33.982269287109375,[100],[133.98227]
60,sku1080,2023-10,ARIMA,-26.56172789534233,112.63993782685466,[89],[201.63993783]
61,sku1080,2023-10,SARIMA,64.20358159983654,31.85881237614548,[89],[57.14118762]
62,sku1080,2023-10,Theta,37.98077637741828,55.19710902409773,[89],[144.19710902]
63,sku1080,2023-10,Croston,32.39250611723139,60.17066955566406,[89],[149.17067]
64,sku1080,2023-11,ARIMA,57.929429348267426,47.96045054297514,[114],[161.96045054]
65,sku1080,2023-11,SARIMA,43.719388346730646,64.15989728472707,[114],[178.15989728]
66,sku1080,2023-11,Theta,88.50016420192364,13.109812809807053,[114],[127.10981281]
67,sku1080,2023-11,Croston,80.90679771021793,21.766250610351562,[114],[135.76625]
68,sku1080,2023-12,ARIMA,-11.263051415823426,78.99676650523463,[71],[149.99676651]
69,sku1080,2023-12,SARIMA,-163.03787374985745,186.7568903623988,[71],[257.75689036]
70,sku1080,2023-12,Theta,42.09112007989207,41.115304743276624,[71],[112.11530474]
71,sku1080,2023-12,Croston,26.547595816598815,52.151206970214844,[71],[123.15121]
72,sku1081,2023-07,ARIMA,57.57748894215524,26.30195685586375,[62],[88.30195686]
73,sku1081,2023-07,SARIMA,-132.38031202853438,144.0757934576913,[62],[206.07579346]
74,sku1081,2023-07,Theta,55.049615757726194,27.86923823020976,[62],[34.13076177]
75,sku1081,2023-07,Croston,93.31790554908014,4.1428985595703125,[62],[57.8571]
76,sku1081,2023-08,ARIMA,21.715370616864533,37.576622103905024,[48],[85.5766221]
77,sku1081,2023-08,SARIMA,-283.40085457354536,184.03241019530176,[48],[232.0324102]
78,sku1081,2023-08,Theta,81.69973323571082,8.784128046858804,[48],[39.21587195]
79,sku1081,2023-08,Croston,76.10476811726889,11.469711303710938,[48],[59.46971]
80,sku1081,2023-09,ARIMA,68.96047617933289,37.24742858480053,[120],[82.75257142]
81,sku1081,2023-09,SARIMA,11.543027354499031,106.14836717460116,[120],[13.85163283]
82,sku1081,2023-09,Theta,34.3720711698776,78.75351459614689,[120],[41.2464854]
83,sku1081,2023-09,Croston,49.47172164916992,60.633934020996094,[120],[59.366066]
84,sku1081,2023-10,ARIMA,21.498112650807684,33.755811560152694,[43],[76.75581156]
85,sku1081,2023-10,SARIMA,83.18303499318606,7.23129495293,[43],[50.23129495]
86,sku1081,2023-10,Theta,90.46236939587239,4.101181159774875,[43],[38.89881884]
87,sku1081,2023-10,Croston,69.57714169524436,13.081829071044922,[43],[56.08183]
88,sku1081,2023-11,ARIMA,-170.23266066887345,62.15351195384089,[23],[85.15351195]
89,sku1081,2023-11,SARIMA,-382.4853925543141,110.97164028749225,[23],[133.97164029]
90,sku1081,2023-11,Theta,-47.530366526519714,33.93198430109953,[23],[56.9319843]
91,sku1081,2023-11,Croston,-106.60360585088316,47.518829345703125,[23],[70.51883]
92,sku1081,2023-12,ARIMA,83.35856477554509,11.149761600384792,[67],[78.1497616]
93,sku1081,2023-12,SARIMA,-131.82973932758827,155.32592534948415,[67],[222.32592535]
94,sku1081,2023-12,Theta,73.26088871471235,17.915204561142723,[67],[49.08479544]
95,sku1081,2023-12,Croston,94.73917377528859,3.5247535705566406,[67],[63.475246]
96,sku1119,2023-07,ARIMA,82.43007355197133,34.78845436709676,[198],[232.78845437]
97,sku1119,2023-07,SARIMA,46.66355647913948,105.60615817130383,[198],[303.60615817]
98,sku1119,2023-07,Theta,85.9346918253926,27.849310185722658,[198],[225.84931019]
99,sku1119,2023-07,Croston,72.94851746221985,53.56193542480469,[198],[251.56194]
100,sku1119,2023-08,ARIMA,64.43153948662669,119.51002732493433,[336],[216.48997268]
101,sku1119,2023-08,SARIMA,85.9434007885636,47.2301733504263,[336],[383.23017335]
102,sku1119,2023-08,Theta,88.42191988132846,38.902349198736374,[336],[374.9023492]
103,sku1119,2023-08,Croston,80.78873952229819,64.54983520507812,[336],[271.45016]
104,sku1119,2023-09,ARIMA,97.76402185804325,1.3415868851740527,[60],[61.34158689]
105,sku1119,2023-09,SARIMA,-201.76038141246994,181.05622884748198,[60],[241.05622885]
106,sku1119,2023-09,Theta,-251.46849570355312,210.88109742213186,[60],[270.88109742]
107,sku1119,2023-09,Croston,-242.5072733561198,205.50436401367188,[60],[265.50436]
108,sku1119,2023-10,ARIMA,-1159.3247407755025,277.05144297061054,[22],[299.05144297]
109,sku1119,2023-10,SARIMA,-1559.3608245971898,365.05938141138176,[22],[387.05938141]
110,sku1119,2023-10,Theta,-1220.6415449652716,290.54113989235975,[22],[312.54113989]
111,sku1119,2023-10,Croston,-1042.50751842152,251.35165405273438,[22],[273.35165]
112,sku1119,2023-11,ARIMA,65.37200488400516,72.37250979242921,[209],[136.62749021]
113,sku1119,2023-11,SARIMA,65.16701105898083,72.80094688673006,[209],[281.80094689]
114,sku1119,2023-11,Theta,90.74131089841933,19.35066022230359,[209],[189.64933978]
115,sku1119,2023-11,Croston,79.0304886667352,43.82627868652344,[209],[252.82628]
116,sku1119,2023-12,ARIMA,41.19932331048914,49.980575186084224,[85],[134.98057519]
117,sku1119,2023-12,SARIMA,-3.5925405646207764,88.05365947992766,[85],[173.05365948]
118,sku1119,2023-12,Theta,96.08988387997302,3.3235987020229345,[85],[88.3235987]
119,sku1119,2023-12,Croston,-70.92748305376838,145.28836059570312,[85],[230.28836]
120,sku1123,2023-07,ARIMA,-204.1861840850409,152.09309204252045,[50],[202.09309204]
121,sku1123,2023-07,SARIMA,-272.28107084876046,186.14053542438023,[50],[236.14053542]
122,sku1123,2023-07,Theta,-262.4134043363041,181.20670216815205,[50],[231.20670217]
123,sku1123,2023-07,Croston,-201.0484619140625,150.52423095703125,[50],[200.52423]
124,sku1123,2023-08,ARIMA,-4.923533201341002,97.57888587724713,[93],[190.57888588]
125,sku1123,2023-08,SARIMA,-193.4054741125998,272.8670909247178,[93],[365.86709092]
126,sku1123,2023-08,Theta,-29.450607964777646,120.38906540724321,[93],[213.38906541]
127,sku1123,2023-08,Croston,-12.845258815314182,104.94609069824219,[93],[197.94609]
128,sku1123,2023-09,ARIMA,88.21318427022052,20.037586740625102,[170],[149.96241326]
129,sku1123,2023-09,SARIMA,-83.87044729767072,312.57976040604024,[170],[482.57976041]
130,sku1123,2023-09,Theta,73.80716278507096,44.52782326537937,[170],[125.47217673]
131,sku1123,2023-09,Croston,92.74170819450828,12.339096069335938,[170],[157.6609]
132,sku1123,2023-10,ARIMA,45.06098756767262,173.60727928615452,[316],[142.39272071]
133,sku1123,2023-10,SARIMA,90.10167133417,31.278718584022783,[316],[347.27871858]
134,sku1123,2023-10,Theta,35.04888069282656,205.24553701066807,[316],[110.75446299]
135,sku1123,2023-10,Croston,43.938677823996244,177.15377807617188,[316],[138.84622]
136,sku1123,2023-11,ARIMA,72.06998934214715,67.86992589858244,[243],[175.1300741]
137,sku1123,2023-11,SARIMA,75.82465541656853,58.74608733773846,[243],[184.25391266]
138,sku1123,2023-11,Theta,61.002721509409106,94.76338673213587,[243],[148.23661327]
139,sku1123,2023-11,Croston,60.89042381004051,95.03627014160156,[243],[147.96373]
140,sku1123,2023-12,ARIMA,-6.531272142768117,111.85783574990651,[105],[216.85783575]
141,sku1123,2023-12,SARIMA,-181.40857506800842,295.47900382140887,[105],[400.47900382]
142,sku1123,2023-12,Theta,-35.61942737257746,142.40039874120635,[105],[247.40039874]
143,sku1123,2023-12,Croston,16.00888206845238,88.190673828125,[105],[193.19067]
144,sku1127,2023-07,ARIMA,-79.45798050826585,129.2097459659514,[72],[201.20974597]
145,sku1127,2023-07,SARIMA,-752.7219471385334,613.9598019397441,[72],[685.95980194]
146,sku1127,2023-07,Theta,-874.4157654599455,701.5793511311607,[72],[773.57935113]
147,sku1127,2023-07,Croston,-12.397193908691406,80.92597961425781,[72],[152.92598]
148,sku1127,2023-08,ARIMA,99.94673323904671,0.06605078358208516,[124],[123.93394922]
149,sku1127,2023-08,SARIMA,-71.19181964760898,212.27785636303514,[124],[336.27785636]
150,sku1127,2023-08,Theta,36.337497165194556,78.94150351515876,[124],[202.94150352]
151,sku1127,2023-08,Croston,93.6112803797568,7.9220123291015625,[124],[131.92201]
152,sku1127,2023-09,ARIMA,-82.91114961993031,102.43024378716098,[56],[158.43024379]
153,sku1127,2023-09,SARIMA,0.0,56.0,[56],[0]
154,sku1127,2023-09,Theta,0.0,56.0,[56],[0]
155,sku1127,2023-09,Croston,-3.02611759730749,57.69462585449219,[56],[113.694626]
156,sku1127,2023-10,ARIMA,-118.11743913490798,113.42106835015215,[52],[165.42106835]
157,sku1127,2023-10,SARIMA,0.0,52.0,[52],[0]
158,sku1127,2023-10,Theta,0.0,52.0,[52],[0]
159,sku1127,2023-10,Croston,-23.501044053297775,64.22054290771484,[52],[116.22054]
160,sku1127,2023-11,ARIMA,88.96295458966321,10.705934048026677,[97],[107.70593405]
161,sku1127,2023-11,SARIMA,-132.79157343296313,225.80782622997424,[97],[322.80782623]
162,sku1127,2023-11,Theta,-173.81530855507452,265.6008492984223,[97],[362.6008493]
163,sku1127,2023-11,Croston,98.95385270266189,1.0147628784179688,[97],[98.01476]
164,sku1127,2023-12,ARIMA,14.85713297148611,57.89714957938945,[68],[125.89714958]
165,sku1127,2023-12,SARIMA,-173.74419460117662,186.1460523288001,[68],[254.14605233]
166,sku1127,2023-12,Theta,-182.9891794346144,192.4326420155378,[68],[260.43264202]
167,sku1127,2023-12,Croston,76.3515360215131,16.080955505371094,[68],[84.080956]
168,sku1129,2023-07,ARIMA,45.84981262975965,28.158097432524983,[52],[80.15809743]
169,sku1129,2023-07,SARIMA,51.878725704147996,25.02306263384304,[52],[26.97693737]
170,sku1129,2023-07,Theta,-49.08181303490315,77.52254277814964,[52],[129.52254278]
171,sku1129,2023-07,Croston,41.14877260648287,30.602638244628906,[52],[82.60264]
172,sku1129,2023-08,ARIMA,13.29194616602237,44.22110745532859,[51],[95.22110746]
173,sku1129,2023-08,SARIMA,-778.4173729129167,447.9928601855875,[51],[498.99286019]
174,sku1129,2023-08,Theta,-665.080042341952,390.1908215943955,[51],[441.19082159]
175,sku1129,2023-08,Croston,41.98292750938266,29.588706970214844,[51],[80.58871]
176,sku1129,2023-09,ARIMA,-23.338577338506354,29.601258561241522,[24],[53.60125856]
177,sku1129,2023-09,SARIMA,-690.9572711622358,189.82974507893658,[24],[213.82974508]
178,sku1129,2023-09,Theta,-882.612949064527,235.82710777548647,[24],[259.82710778]
179,sku1129,2023-09,Croston,-99.9795913696289,47.99510192871094,[24],[71.9951]
180,sku1129,2023-10,ARIMA,80.69759978660947,9.26515210242745,[48],[38.7348479]
181,sku1129,2023-10,SARIMA,0.0,48.0,[48],[0]
182,sku1129,2023-10,Theta,-113.12136804048299,102.29825665943184,[48],[150.29825666]
183,sku1129,2023-10,Croston,63.165283203125,17.6806640625,[48],[65.680664]
184,sku1129,2023-11,ARIMA,-74.02004102152154,26.10300615322823,[15],[41.10300615]
185,sku1129,2023-11,SARIMA,-299.8515847505871,59.977737712588066,[15],[74.97773771]
186,sku1129,2023-11,Theta,-1271.0231492758417,205.65347239137623,[15],[220.65347239]
187,sku1129,2023-11,Croston,-154.4891866048177,38.173377990722656,[15],[53.173378]
188,sku1129,2023-12,ARIMA,88.74075776087646,3.602957516519531,[32],[35.60295752]
189,sku1129,2023-12,SARIMA,35.800240403797545,20.543923070784786,[32],[11.45607693]
190,sku1129,2023-12,Theta,0.0,32.0,[32],[0]
191,sku1129,2023-12,Croston,38.725852966308594,19.60772705078125,[32],[51.607727]
192,sku1174,2023-07,ARIMA,-15.18265875315194,92.14612700252155,[80],[172.146127]
193,sku1174,2023-07,SARIMA,-225.40417132626754,260.32333706101406,[80],[340.32333706]
194,sku1174,2023-07,Theta,-547.5661733215095,518.0529386572076,[80],[598.05293866]
195,sku1174,2023-07,Croston,56.491451263427734,34.80683898925781,[80],[114.80684]
196,sku1174,2023-08,ARIMA,59.301933852868785,50.46560202244271,[124],[174.46560202]
197,sku1174,2023-08,SARIMA,-26.291826498022843,156.60186485754832,[124],[280.60186486]
198,sku1174,2023-08,Theta,-123.31833157227257,276.914731149618,[124],[400.91473115]
199,sku1174,2023-08,Croston,99.38323113226122,0.7647933959960938,[124],[124.76479]
200,sku1174,2023-09,ARIMA,32.612446699168345,67.38755330083166,[100],[167.3875533]
201,sku1174,2023-09,SARIMA,60.41351742570595,39.58648257429405,[100],[139.58648257]
202,sku1174,2023-09,Theta,16.95940055007557,83.04059944992443,[100],[183.04059945]
203,sku1174,2023-09,Croston,88.6646499633789,11.335350036621094,[100],[111.33535]
204,sku1174,2023-10,ARIMA,-201.4869416958374,123.60964609529333,[41],[164.6096461]
205,sku1174,2023-10,SARIMA,-100.61744225961178,82.25315132644083,[41],[123.25315133]
206,sku1174,2023-10,Theta,-212.11081049086243,127.9654323012536,[41],[168.9654323]
207,sku1174,2023-10,Croston,-80.81646430783155,74.13475036621094,[41],[115.13475]
208,sku1174,2023-11,ARIMA,94.55858335601532,9.794549959172429,[180],[170.20545004]
209,sku1174,2023-11,SARIMA,48.80071418637101,92.15871446453218,[180],[272.15871446]
210,sku1174,2023-11,Theta,80.78787086112987,34.581832449966214,[180],[214.58183245]
211,sku1174,2023-11,Croston,61.441290113661026,69.40567779541016,[180],[110.59432]
212,sku1174,2023-12,ARIMA,37.48201597575951,56.89136546205884,[91],[147.89136546]
213,sku1174,2023-12,SARIMA,-3.487543666466692,94.17366473648468,[91],[185.17366474]
214,sku1174,2023-12,Theta,4.615546698033924,86.79985250478913,[91],[177.7998525]
215,sku1174,2023-12,Croston,98.5890398968707,1.2839736938476562,[91],[89.71603]
216,sku1176,2023-07,ARIMA,16.26316403082309,42.70578634428023,[51],[93.70578634]
217,sku1176,2023-07,SARIMA,-5.065574809502294,53.58344315284617,[51],[104.58344315]
218,sku1176,2023-07,Theta,-27.59226081809325,65.07205301722756,[51],[116.07205302]
219,sku1176,2023-07,Croston,91.63295521455653,4.267192840576172,[51],[55.267193]
220,sku1176,2023-08,ARIMA,-1.217885174930288,56.68201569796096,[56],[112.6820157]
221,sku1176,2023-08,SARIMA,-19.627759380131366,66.99154525287356,[56],[122.99154525]
222,sku1176,2023-08,Theta,-65.27748963800931,92.55539419728521,[56],[148.5553942]
223,sku1176,2023-08,Croston,98.27204431806292,0.9676551818847656,[56],[56.967655]
224,sku1176,2023-09,ARIMA,-133.96021061060662,65.50885897096985,[28],[93.50885897]
225,sku1176,2023-09,SARIMA,-168.55832252831135,75.19633030792717,[28],[103.19633031]
226,sku1176,2023-09,Theta,-246.59084530071783,97.045436684201,[28],[125.04543668]
227,sku1176,2023-09,Croston,3.71994291033063,26.958415985107422,[28],[54.958416]
228,sku1176,2023-10,ARIMA,-269.8510421855963,85.06573970268715,[23],[108.0657397]
229,sku1176,2023-10,SARIMA,-301.1839407033598,92.27230636177276,[23],[115.27230636]
230,sku1176,2023-10,Theta,-395.9802797944323,114.07546435271942,[23],[137.07546435]
231,sku1176,2023-10,Croston,-39.31893058445141,32.04335403442383,[23],[55.043354]
232,sku1176,2023-11,ARIMA,69.21801727383111,16.93009049939289,[55],[71.9300905]
233,sku1176,2023-11,SARIMA,-32.36335183953983,72.79984351174691,[55],[127.79984351]
234,sku1176,2023-11,Theta,38.9833934549103,33.55913359979934,[55],[88.5591336]
235,sku1176,2023-11,Croston,85.20524458451705,8.137115478515625,[55],[46.862885]
236,sku1176,2023-12,ARIMA,77.97923815405473,22.020761845945273,[100],[77.97923815]
237,sku1176,2023-12,SARIMA,33.53885597902911,66.46114402097089,[100],[166.46114402]
238,sku1176,2023-12,Theta,78.98450677107411,21.01549322892589,[100],[78.98450677]
239,sku1176,2023-12,Croston,39.65595626831055,60.34404373168945,[100],[39.655956]
240,sku120,2023-07,ARIMA,52.15179923432481,187.56494700144674,[392],[579.564947]
241,sku120,2023-07,SARIMA,14.759429450966635,334.1430365522108,[392],[726.14303655]
242,sku120,2023-07,Theta,-82.64679321740317,715.9754294122204,[392],[1107.97542941]
243,sku120,2023-07,Croston,83.5876854098573,64.33627319335938,[392],[327.66373]
244,sku120,2023-08,ARIMA,92.03427115733867,12.745166148258136,[160],[147.25483385]
245,sku120,2023-08,SARIMA,6.111145354683487,150.2221674325064,[160],[310.22216743]
246,sku120,2023-08,Theta,-253.47106781431586,565.5537085029054,[160],[725.5537085]
247,sku120,2023-08,Croston,-37.14700698852539,219.43521118164062,[160],[379.4352]
248,sku120,2023-09,ARIMA,82.36126562492436,40.921863750175476,[232],[191.07813625]
249,sku120,2023-09,SARIMA,-87.49576854186628,434.99018301712977,[232],[666.99018302]
250,sku120,2023-09,Theta,25.76262989602121,172.2306986412308,[232],[404.23069864]
251,sku120,2023-09,Croston,27.535353035762384,168.11798095703125,[232],[400.11798]
252,sku120,2023-10,ARIMA,59.623818498447825,191.38310031735733,[474],[282.61689968]
253,sku120,2023-10,SARIMA,80.33699189367283,93.20265842399078,[474],[567.20265842]
254,sku120,2023-10,Theta,36.16584900818146,302.5738757012199,[474],[171.4261243]
255,sku120,2023-10,Croston,83.26389618563752,79.32913208007812,[474],[394.67087]
256,sku120,2023-11,ARIMA,96.84040177484418,15.5136272855151,[491],[475.48637271]
257,sku120,2023-11,SARIMA,76.55043606792643,115.13735890648127,[491],[375.86264109]
258,sku120,2023-11,Theta,49.4528906411284,248.18630695205957,[491],[242.81369305]
259,sku120,2023-11,Croston,79.6402878771003,99.9661865234375,[491],[391.0338]
260,sku120,2023-12,ARIMA,32.67442077803709,234.2930156924309,[348],[582.29301569]
261,sku120,2023-12,SARIMA,17.143359491533943,288.34110896946186,[348],[636.34110897]
262,sku120,2023-12,Theta,60.70966428736722,136.73036827996208,[348],[484.73036828]
263,sku120,2023-12,Croston,83.1518414376796,58.631591796875,[348],[406.6316]
264,sku122,2023-07,ARIMA,-413.97377162081295,143.91265605382762,[28],[171.91265605]
265,sku122,2023-07,SARIMA,-945.705534585318,292.79754968388903,[28],[320.79754968]
266,sku122,2023-07,Theta,-1176.5934239084102,357.44615869435484,[28],[385.44615869]
267,sku122,2023-07,Croston,-280.27796064104353,106.47782897949219,[28],[134.47783]
268,sku122,2023-08,ARIMA,-1215.1101067061065,105.20880853648852,[8],[113.20880854]
269,sku122,2023-08,SARIMA,-1195.8442820260523,103.66754256208418,[8],[111.66754256]
270,sku122,2023-08,Theta,-1990.9477551594855,167.27582041275883,[8],[175.27582041]
271,sku122,2023-08,Croston,-1492.236328125,127.37890625,[8],[135.3789]
272,sku122,2023-09,ARIMA,-585.5494447776969,54.84395558221575,[8],[62.84395558]
273,sku122,2023-09,SARIMA,-736.2178094410161,66.89742475528129,[8],[74.89742476]
274,sku122,2023-09,Theta,-1216.2326358247353,105.29861086597883,[8],[113.29861087]
275,sku122,2023-09,Croston,-1387.7859115600586,119.02287292480469,[8],[127.02287]
276,sku122,2023-10,ARIMA,-447.4397789893785,87.59036463830056,[16],[103.59036464]
277,sku122,2023-10,SARIMA,-748.697530638438,135.79160490215008,[16],[151.7916049]
278,sku122,2023-10,Theta,-691.698765335274,126.67180245364383,[16],[142.67180245]
279,sku122,2023-10,Croston,-520.667839050293,99.30685424804688,[16],[115.306854]
280,sku122,2023-11,ARIMA,-97.52776696467384,86.91221746445649,[44],[130.91221746]
281,sku122,2023-11,SARIMA,-429.17065157285913,232.83508669205798,[44],[276.83508669]
282,sku122,2023-11,Theta,-377.7887416193454,210.22704631251196,[44],[254.22704631]
283,sku122,2023-11,Croston,-32.44217959317294,58.274559020996094,[44],[102.27456]
284,sku122,2023-12,ARIMA,98.50348781881895,1.5563726684282813,[104],[102.44362733]
285,sku122,2023-12,SARIMA,-57.13781073905332,163.42332316861547,[104],[267.42332317]
286,sku122,2023-12,Theta,84.73569852052503,15.874873538653958,[104],[119.87487354]
287,sku122,2023-12,Croston,86.17420930128831,14.378822326660156,[104],[89.62118]
288,sku1226,2023-07,ARIMA,-28.274821380903944,142.38505173280336,[111],[253.38505173]
289,sku1226,2023-07,SARIMA,-202.95446562165324,336.2794568400351,[111],[447.27945684]
290,sku1226,2023-07,Theta,-382.3509341602561,535.4095369178842,[111],[646.40953692]
291,sku1226,2023-07,Croston,55.434493331221844,49.46771240234375,[111],[160.46771]
292,sku1226,2023-08,ARIMA,15.841755766769822,94.2572335412178,[112],[206.25723354]
293,sku1226,2023-08,SARIMA,-84.2236029141894,206.33043526389213,[112],[318.33043526]
294,sku1226,2023-08,Theta,-213.61382501279593,351.24748401433146,[112],[463.24748401]
295,sku1226,2023-08,Croston,64.48123114449638,39.78102111816406,[112],[151.78102]
296,sku1226,2023-09,ARIMA,-14.210136405107619,101.64702140054578,[89],[190.6470214]
297,sku1226,2023-09,SARIMA,37.37411548298149,55.737037220146476,[89],[33.26296278]
298,sku1226,2023-09,Theta,28.16671243948548,63.931625928857926,[89],[25.06837407]
299,sku1226,2023-09,Croston,43.79281033290906,50.02439880371094,[89],[139.0244]
300,sku1226,2023-10,ARIMA,92.67088849287198,12.606071792260195,[172],[184.60607179]
301,sku1226,2023-10,SARIMA,46.36923751919198,92.2449114669898,[172],[79.75508853]
302,sku1226,2023-10,Theta,0.0,172.0,[172],[0]
303,sku1226,2023-10,Croston,75.82415203715479,41.58245849609375,[172],[130.41754]
304,sku1226,2023-11,ARIMA,82.25641657643035,25.5507601299403,[144],[169.55076013]
305,sku1226,2023-11,SARIMA,81.22462181294787,27.03654458935506,[144],[171.03654459]
306,sku1226,2023-11,Theta,61.14767057595904,55.94735437061898,[144],[88.05264563]
307,sku1226,2023-11,Croston,81.71173201666937,26.335105895996094,[144],[117.664894]
308,sku1226,2023-12,ARIMA,-34.54692316414159,111.67394622623752,[83],[194.67394623]
309,sku1226,2023-12,SARIMA,-66.65738552532113,138.32562998601654,[83],[221.32562999]
310,sku1226,2023-12,Theta,-102.673184487442,168.21874312457686,[83],[251.21874312]
311,sku1226,2023-12,Croston,39.5078176475433,50.20851135253906,[83],[133.20851]
312,sku1227,2023-07,ARIMA,95.71665312777999,2.741341998220804,[64],[66.741342]
313,sku1227,2023-07,SARIMA,55.60019524684687,28.415875042018,[64],[92.41587504]
314,sku1227,2023-07,Theta,73.77474971408031,16.7841601829886,[64],[47.21583982]
315,sku1227,2023-07,Croston,79.53334450721741,13.09865951538086,[64],[50.90134]
316,sku1227,2023-08,ARIMA,76.58416546420554,32.782168350112244,[140],[107.21783165]
317,sku1227,2023-08,SARIMA,71.7237532216979,39.58674548962294,[140],[100.41325451]
318,sku1227,2023-08,Theta,40.919764759007116,82.71232933739005,[140],[57.28767066]
319,sku1227,2023-08,Croston,44.923079354422434,77.1076889038086,[140],[62.89231]
320,sku1227,2023-09,ARIMA,89.57832414708702,6.669872545864308,[64],[70.66987255]
321,sku1227,2023-09,SARIMA,35.43863526363191,41.319273431275576,[64],[105.31927343]
322,sku1227,2023-09,Theta,89.12453168498912,6.960299721606958,[64],[57.03970028]
323,sku1227,2023-09,Croston,98.53618741035461,0.9368400573730469,[64],[63.06316]
324,sku1227,2023-10,ARIMA,-158.97443941007754,82.87182061122482,[32],[114.87182061]
325,sku1227,2023-10,SARIMA,-69.00427478301512,54.08136793056484,[32],[86.08136793]
326,sku1227,2023-10,Theta,-19.446420702397177,38.222854624767095,[32],[70.22285462]
327,sku1227,2023-10,Croston,-44.34020519256592,46.188865661621094,[32],[78.188866]
328,sku1227,2023-11,ARIMA,21.132906479182736,31.54683740832691,[40],[71.54683741]
329,sku1227,2023-11,SARIMA,-32.44945695599202,52.97978278239681,[40],[92.97978278]
330,sku1227,2023-11,Theta,30.28352910897013,27.88658835641195,[40],[67.88658836]
331,sku1227,2023-11,Croston,11.604976654052734,35.358009338378906,[40],[75.35801]
332,sku1227,2023-12,ARIMA,-410.7558563295258,76.61337844942886,[15],[91.61337845]
333,sku1227,2023-12,SARIMA,-965.8600934661144,159.87901401991718,[15],[174.87901402]
334,sku1227,2023-12,Theta,-202.64787458139932,45.397181187209895,[15],[60.39718119]
335,sku1227,2023-12,Croston,-245.67835489908856,51.85175323486328,[15],[66.85175]
336,sku1278,2023-07,ARIMA,59.98752347375058,50.415720423074276,[126],[176.41572042]
337,sku1278,2023-07,SARIMA,-15.154453534022167,145.09461145286792,[126],[271.09461145]
338,sku1278,2023-07,Theta,85.03140584938467,18.860428629775328,[126],[144.86042863]
339,sku1278,2023-07,Croston,86.56679183717758,16.92584228515625,[126],[142.92584]
340,sku1278,2023-08,ARIMA,81.31907641678886,29.889477733137824,[160],[130.11052227]
341,sku1278,2023-08,SARIMA,34.944998585982006,104.0880022624288,[160],[264.08800226]
342,sku1278,2023-08,Theta,57.9004478131422,67.35928349897247,[160],[92.6407165]
343,sku1278,2023-08,Croston,72.06607818603516,44.69427490234375,[160],[115.305725]
344,sku1278,2023-09,ARIMA,-33.82505702316152,89.66278820551821,[67],[156.66278821]
345,sku1278,2023-09,SARIMA,16.0281654394026,56.26112915560026,[67],[123.26112916]
346,sku1278,2023-09,Theta,42.043286609208316,38.83099797183043,[67],[105.83099797]
347,sku1278,2023-09,Croston,23.505993743440996,51.25098419189453,[67],[118.250984]
348,sku1278,2023-10,ARIMA,21.816829139995704,71.92851719120395,[92],[163.92851719]
349,sku1278,2023-10,SARIMA,0.0,92.0,[92],[0]
350,sku1278,2023-10,Theta,58.99663539576411,37.72309543589702,[92],[129.72309544]
351,sku1278,2023-10,Croston,58.19911127505095,38.456817626953125,[92],[130.45682]
352,sku1278,2023-11,ARIMA,60.846691905356174,36.021043447072316,[92],[128.02104345]
353,sku1278,2023-11,SARIMA,57.13614297855339,39.43474845973088,[92],[131.43474846]
354,sku1278,2023-11,Theta,97.90344201341092,1.92883334766195,[92],[93.92883335]
355,sku1278,2023-11,Croston,78.97163059400475,19.346099853515625,[92],[111.3461]
356,sku1278,2023-12,ARIMA,47.70389761884921,46.020570095412694,[88],[134.0205701]
357,sku1278,2023-12,SARIMA,-17.61016230823607,103.49694283124774,[88],[191.49694283]
358,sku1278,2023-12,Theta,98.74875269766893,1.1010976260513416,[88],[89.10109763]
359,sku1278,2023-12,Croston,80.20909049294212,17.416000366210938,[88],[105.416]
360,sku1280,2023-07,ARIMA,56.57489922191098,30.831821552443202,[71],[101.83182155]
361,sku1280,2023-07,SARIMA,0.0,71.0,[71],[0]
362,sku1280,2023-07,Theta,68.21630745123463,22.566421709623413,[71],[93.56642171]
363,sku1280,2023-07,Croston,34.39151602731624,46.58202362060547,[71],[117.58202]
364,sku1280,2023-08,ARIMA,-368.6085436426911,126.52430678352658,[27],[153.52430678]
365,sku1280,2023-08,SARIMA,-784.6866015589121,238.86538242090626,[27],[265.86538242]
366,sku1280,2023-08,Theta,-180.5947764109573,75.76058963095848,[27],[102.76058963]
367,sku1280,2023-08,Croston,-270.74892962420427,100.10221099853516,[27],[127.10221]
368,sku1280,2023-09,ARIMA,-147.3735336430204,71.73832475647592,[29],[100.73832476]
369,sku1280,2023-09,SARIMA,-199.6031484199931,86.884913041798,[29],[115.88491304]
370,sku1280,2023-09,Theta,-132.92095306204322,67.54707638799253,[29],[96.54707639]
371,sku1280,2023-09,Croston,-214.85721982758622,91.30859375,[29],[120.30859]
372,sku1280,2023-10,ARIMA,30.594631956024287,47.19565026990348,[68],[115.19565027]
373,sku1280,2023-10,SARIMA,55.67830991702187,30.13874925642513,[68],[37.86125074]
374,sku1280,2023-10,Theta,73.95790613129694,17.708623830718082,[68],[85.70862383]
375,sku1280,2023-10,Croston,40.0847266702091,40.74238586425781,[68],[108.742386]
376,sku1280,2023-11,ARIMA,-477.84826175457056,69.34179141054847,[12],[81.34179141]
377,sku1280,2023-11,SARIMA,23.189431954702982,9.217268165435641,[12],[21.21726817]
378,sku1280,2023-11,Theta,-433.89161435130075,64.06699372215608,[12],[76.06699372]
379,sku1280,2023-11,Croston,-620.7717259724934,86.49260711669922,[12],[98.49261]
380,sku1280,2023-12,ARIMA,-551.641295915531,104.26260734648497,[16],[120.26260735]
381,sku1280,2023-12,SARIMA,-811.1778173517148,145.78845077627437,[16],[161.78845078]
382,sku1280,2023-12,Theta,-251.6297377447134,56.26075803915414,[16],[72.26075804]
383,sku1280,2023-12,Croston,-390.50965309143066,78.4815444946289,[16],[94.481544]
384,sku138,2023-07,ARIMA,31.003662351643072,78.6558249191269,[114],[192.65582492]
385,sku138,2023-07,SARIMA,-54.87432502663498,176.5567305303639,[114],[290.55673053]
386,sku138,2023-07,Theta,-97.85355787526245,225.5530559777992,[114],[339.55305598]
387,sku138,2023-07,Croston,91.11479374400356,10.129135131835938,[114],[124.129135]
388,sku138,2023-08,ARIMA,-31.372314689773134,98.52923601732985,[75],[173.52923602]
389,sku138,2023-08,SARIMA,94.26848708615715,4.29863468538214,[75],[70.70136531]
390,sku138,2023-08,Theta,-14.172616772334962,85.62946257925122,[75],[160.62946258]
391,sku138,2023-08,Croston,32.626942952473954,50.52979278564453,[75],[125.52979]
392,sku138,2023-09,ARIMA,44.75195998317283,50.82819681548099,[92],[142.82819682]
393,sku138,2023-09,SARIMA,97.98737483195876,1.851615154597937,[92],[90.14838485]
394,sku138,2023-09,Theta,42.402632787533875,52.989577835468836,[92],[39.01042216]
395,sku138,2023-09,Croston,66.94987753163213,30.406112670898438,[92],[122.40611]
396,sku138,2023-10,ARIMA,62.511119418867416,41.23776863924584,[110],[151.23776864]
397,sku138,2023-10,SARIMA,33.64909433634344,72.98599623002221,[110],[182.98599623]
398,sku138,2023-10,Theta,28.428956026654234,78.72814837068034,[110],[188.72814837]
399,sku138,2023-10,Croston,95.46194596724077,4.991859436035156,[110],[114.99186]
400,sku138,2023-11,ARIMA,95.67532980497441,5.578824551583011,[129],[134.57882455]
401,sku138,2023-11,SARIMA,37.423654108480534,80.72348620006011,[129],[209.7234862]
402,sku138,2023-11,Theta,-13.800945800783865,146.80322008301118,[129],[275.80322008]
403,sku138,2023-11,Croston,85.5332426322523,18.66211700439453,[129],[110.33788]
404,sku138,2023-12,ARIMA,37.583271958882435,60.54422619988404,[97],[157.5442262]
405,sku138,2023-12,SARIMA,46.6135659603096,51.78484101849969,[97],[45.21515898]
406,sku138,2023-12,Theta,13.8911296512278,83.52560423830904,[97],[13.47439576]
407,sku138,2023-12,Croston,87.95774794116463,11.680984497070312,[97],[108.680984]
408,sku167,2023-07,ARIMA,-77.26945602268546,237.54107107039852,[134],[371.54107107]
409,sku167,2023-07,Theta,-61.93901087704151,216.99827457523565,[134],[350.99827458]
410,sku167,2023-07,Croston,-44.01853191318796,192.98483276367188,[134],[326.98483]
411,sku167,2023-08,ARIMA,-33.47327972802515,128.13434853890413,[96],[224.13434854]
412,sku167,2023-08,SARIMA,41.67320064922983,55.99372737673937,[96],[151.99372738]
413,sku167,2023-08,Theta,-111.14890104418754,202.70294500242005,[96],[298.702945]
414,sku167,2023-08,Croston,-143.07126998901367,233.34841918945312,[96],[329.34842]
415,sku167,2023-09,ARIMA,-15.978059532608825,153.09103858304366,[132],[285.09103858]
416,sku167,2023-09,SARIMA,2.021850741519202,129.33115702119466,[132],[261.33115702]
417,sku167,2023-09,Theta,-141.49582088890463,318.77448357335413,[132],[450.77448357]
418,sku167,2023-09,Croston,-16.246078953598484,153.44482421875,[132],[285.44482]
419,sku167,2023-10,ARIMA,58.29408060058736,53.80063602524231,[129],[182.80063603]
420,sku167,2023-10,SARIMA,36.28884622641875,82.18738836791982,[129],[211.18738837]
421,sku167,2023-10,Theta,-32.37127312001317,170.75894232481699,[129],[299.75894232]
422,sku167,2023-10,Croston,6.433413010234972,120.70089721679688,[129],[249.7009]
423,sku167,2023-11,ARIMA,98.25845725271051,4.284195158332153,[246],[241.71580484]
424,sku167,2023-11,SARIMA,91.37949909750932,21.206432220127056,[246],[267.20643222]
425,sku167,2023-11,Theta,64.00806202741964,88.54016741254767,[246],[157.45983259]
426,sku167,2023-11,Croston,92.32813517252605,18.872787475585938,[246],[227.12721]
427,sku167,2023-12,ARIMA,45.1619818758838,62.51534066149247,[114],[176.51534066]
428,sku167,2023-12,SARIMA,61.626119490319866,43.746223781035354,[114],[157.74622378]
429,sku167,2023-12,Theta,40.615004506762794,67.69889486229042,[114],[46.30110514]
430,sku167,2023-12,Croston,18.185357880174067,93.26869201660156,[114],[207.26869]
431,sku169,2023-07,ARIMA,0.0,40.0,[40],[0]
432,sku169,2023-07,SARIMA,-478.49691033367776,231.3987641334711,[40],[271.39876413]
433,sku169,2023-07,Theta,-66.22406674083703,66.48962669633481,[40],[106.4896267]
434,sku169,2023-07,Croston,-351.70326232910156,180.68130493164062,[40],[220.6813]
435,sku169,2023-08,ARIMA,60.45346709297452,49.03770080471159,[124],[173.0377008]
436,sku169,2023-08,SARIMA,0.0,124.0,[124],[0]
437,sku169,2023-08,Theta,26.97172333270686,90.55506306744348,[124],[214.55506307]
438,sku169,2023-08,Croston,36.47313271799395,78.7733154296875,[124],[202.77332]
439,sku169,2023-09,ARIMA,-44.044861376883404,97.95050573628072,[68],[165.95050574]
440,sku169,2023-09,SARIMA,52.76566663550566,32.11934668785615,[68],[35.88065331]
441,sku169,2023-09,Theta,-53.37447274080736,104.294641463749,[68],[172.29464146]
442,sku169,2023-09,Croston,-40.73582817526423,95.70036315917969,[68],[163.70036]
443,sku169,2023-10,ARIMA,0.9397201965374506,109.95691058184343,[111],[220.95691058]
444,sku169,2023-10,SARIMA,58.688285357578295,45.85600325308809,[111],[156.85600325]
445,sku169,2023-10,Theta,55.85538315949775,49.0005246929575,[111],[160.00052469]
446,sku169,2023-10,Croston,61.74936380472269,42.45820617675781,[111],[153.4582]
447,sku169,2023-11,ARIMA,99.46699186605017,0.8581430956592442,[161],[161.8581431]
448,sku169,2023-11,SARIMA,53.63256497881514,74.65157038410763,[161],[86.34842962]
449,sku169,2023-11,Theta,84.60857822668912,24.78018905503052,[161],[136.21981094]
450,sku169,2023-11,Croston,82.01780141510578,28.951339721679688,[161],[132.04866]
451,sku169,2023-12,ARIMA,-10.542449070445684,87.32853476565208,[79],[166.32853477]
452,sku169,2023-12,SARIMA,0.0,79.0,[79],[0]
453,sku169,2023-12,Theta,36.53207101262309,50.139663900027756,[79],[129.1396639]
454,sku169,2023-12,Croston,39.89159306393394,47.48564147949219,[79],[126.48564]
455,sku184,2023-07,ARIMA,-50.14239006565404,39.03702141707005,[26],[65.03702142]
456,sku184,2023-07,SARIMA,-286.6460193605902,100.52796503375345,[26],[126.52796503]
457,sku184,2023-07,Theta,50.33652164425874,12.912504372492727,[26],[38.91250437]
458,sku184,2023-07,Croston,-31.014339740459718,34.06372833251953,[26],[60.06373]
459,sku184,2023-08,ARIMA,-203.52711671205657,45.52906750680849,[15],[60.52906751]
460,sku184,2023-08,SARIMA,-184.41525696186488,42.66228854427973,[15],[57.66228854]
461,sku184,2023-08,Theta,-30.412355595708448,19.56185333935627,[15],[34.56185334]
462,sku184,2023-08,Croston,-180.49222310384113,42.07383346557617,[15],[57.073833]
463,sku184,2023-09,ARIMA,-2.5819868765402513e+19,57.33162559229957,[0],[57.33162559]
464,sku184,2023-09,SARIMA,-4.562400849183023e+19,101.30564940664718,[0],[101.30564941]
465,sku184,2023-09,Theta,-1.4011063853643647e+19,31.1108113796169,[0],[31.11081138]
466,sku184,2023-09,Croston,-2.452337162494935e+19,54.452823638916016,[0],[54.452824]
467,sku184,2023-10,ARIMA,28.907693317935582,128.6770750945366,[181],[52.32292491]
468,sku184,2023-10,SARIMA,67.94783330406705,58.014421719638634,[181],[122.98557828]
469,sku184,2023-10,Theta,14.83019347958816,154.15734980194543,[181],[26.8426502]
470,sku184,2023-10,Croston,28.216658112752498,129.92784881591797,[181],[51.07215]
471,sku184,2023-11,ARIMA,5.13516919815693,15.178372928294891,[16],[31.17837293]
472,sku184,2023-11,SARIMA,-652.0167653148599,120.32268245037758,[16],[136.32268245]
473,sku184,2023-11,Theta,66.66159099566849,5.334145440693042,[16],[21.33414544]
474,sku184,2023-11,Croston,-119.2009449005127,35.07215118408203,[16],[51.07215]
475,sku184,2023-12,ARIMA,-1.4887988778176723e+19,33.0579758637855,[0],[33.05797586]
476,sku184,2023-12,SARIMA,-1.7700078352379148e+19,39.30206904896127,[0],[39.30206905]
477,sku184,2023-12,Theta,-1.672113702206011e+19,37.128382639606514,[0],[37.12838264]
478,sku184,2023-12,Croston,-2.5841223928171725e+19,57.37904357910156,[0],[57.379044]
479,sku209,2023-07,ARIMA,77.94061609490596,25.809479168960024,[117],[142.80947917]
480,sku209,2023-07,SARIMA,0.0,117.0,[117],[0]
481,sku209,2023-07,Theta,21.21624277632911,92.17699595169495,[117],[209.17699595]
482,sku209,2023-07,Croston,79.65821486253004,23.799888610839844,[117],[93.20011]
483,sku209,2023-08,ARIMA,-58.33989735896205,128.25531686075925,[81],[209.25531686]
484,sku209,2023-08,SARIMA,0.0,81.0,[81],[0]
485,sku209,2023-08,Theta,30.498623842778954,56.296114687349046,[81],[137.29611469]
486,sku209,2023-08,Croston,69.72441496672454,24.523223876953125,[81],[105.523224]
487,sku209,2023-09,ARIMA,-3238.277747359787,166.91388736798936,[5],[171.91388737]
488,sku209,2023-09,SARIMA,0.0,5.0,[5],[0]
489,sku209,2023-09,Theta,-327.80602812535903,21.39030140626795,[5],[26.39030141]
490,sku209,2023-09,Croston,-1900.5532836914065,100.02766418457031,[5],[105.027664]
491,sku209,2023-10,ARIMA,26.289439502867637,76.65898291701765,[104],[180.65898292]
492,sku209,2023-10,SARIMA,45.639810319383834,56.534597267840816,[104],[47.46540273]
493,sku209,2023-10,Theta,95.64367321902607,4.530579852212881,[104],[108.53057985]
494,sku209,2023-10,Croston,94.38029069166917,5.8444976806640625,[104],[98.1555]
495,sku209,2023-11,ARIMA,37.21499591009272,63.41285413080635,[101],[164.41285413]
496,sku209,2023-11,SARIMA,18.809005510519796,82.00290443437501,[101],[18.99709557]
497,sku209,2023-11,Theta,-207.66186511088534,310.7384837619942,[101],[411.73848376]
498,sku209,2023-11,Croston,77.3240873129061,22.902671813964844,[101],[78.09733]
499,sku209,2023-12,ARIMA,85.68880745675862,24.042803472645517,[168],[192.04280347]
500,sku209,2023-12,SARIMA,85.7499465446534,23.94008980498228,[168],[191.9400898]
501,sku209,2023-12,Theta,-6.210318852328925,178.43333567191257,[168],[346.43333567]
502,sku209,2023-12,Croston,48.62582797095889,86.30860900878906,[168],[81.69139]
503,sku230,2023-07,ARIMA,-1607.8378588448522,222.01892164983082,[13],[235.01892165]
504,sku230,2023-07,SARIMA,-2191.9708380198945,297.9562089425863,[13],[310.95620894]
505,sku230,2023-07,Theta,-1543.368551799463,213.63791173393017,[13],[226.63791173]
506,sku230,2023-07,Croston,-1406.4408522385816,195.83731079101562,[13],[208.83731]
507,sku230,2023-08,ARIMA,-718.39489993868,294.6221639779248,[36],[330.62216398]
508,sku230,2023-08,SARIMA,-286.17325962062563,139.02237346342523,[36],[175.02237346]
509,sku230,2023-08,Theta,-610.8511012246742,255.9063964408827,[36],[291.90639644]
510,sku230,2023-08,Croston,-450.99877251519104,198.35955810546875,[36],[234.35956]
511,sku230,2023-09,ARIMA,-24.540122279095414,130.76712839305017,[105],[235.76712839]
512,sku230,2023-09,SARIMA,-7.7646727143371805,113.15290635005405,[105],[218.15290635]
513,sku230,2023-09,Theta,85.11085638991044,15.633600790594045,[105],[120.63360079]
514,sku230,2023-09,Croston,20.49794514973958,83.47715759277344,[105],[188.47716]
515,sku230,2023-10,ARIMA,83.01610492093579,32.60907855180329,[192],[224.60907855]
516,sku230,2023-10,SARIMA,44.415041630390206,106.7231200696508,[192],[298.72312007]
517,sku230,2023-10,Theta,33.41421780116481,127.84470182176355,[192],[64.15529818]
518,sku230,2023-10,Croston,81.39914671579996,35.71363830566406,[192],[156.28636]
519,sku230,2023-11,ARIMA,22.068366527591365,115.33881753916478,[148],[263.33881754]
520,sku230,2023-11,SARIMA,-257.99993315265687,529.8399010659322,[148],[677.83990107]
521,sku230,2023-11,Theta,58.277006685521776,61.75003010542777,[148],[86.24996989]
522,sku230,2023-11,Croston,97.81124011890309,3.2393646240234375,[148],[144.76064]
523,sku230,2023-12,ARIMA,36.17894593396538,100.8372654243347,[158],[258.83726542]
524,sku230,2023-12,SARIMA,-127.94972585634264,360.16056685302135,[158],[518.16056685]
525,sku230,2023-12,Theta,93.49427310633875,10.279048491984781,[158],[147.72095151]
526,sku230,2023-12,Croston,97.83696041831487,3.4176025390625,[158],[154.5824]
527,sku231,2023-07,ARIMA,-5.902337174965573e+19,131.0582126149556,[0],[131.05821261]
528,sku231,2023-07,SARIMA,-7.822525742644403e+19,173.69496380413636,[0],[173.6949638]
529,sku231,2023-07,Theta,-5.08991111471536e+19,113.01873025704978,[0],[113.01873026]
530,sku231,2023-07,Croston,-4.787773905127342e+19,106.3099365234375,[0],[106.30994]
531,sku231,2023-08,ARIMA,-8.975528485950743e+19,199.29676766562972,[0],[199.29676767]
532,sku231,2023-08,SARIMA,-3.407904767464352e+19,75.67068677137527,[0],[75.67068677]
533,sku231,2023-08,Theta,-4.800230016307529e+19,106.58651775202819,[0],[106.58651775]
534,sku231,2023-08,Croston,-4.461784169374024e+19,99.0715103149414,[0],[99.07151]
535,sku231,2023-09,ARIMA,-633.4551980118381,110.01827970177573,[15],[125.0182797]
536,sku231,2023-09,SARIMA,-38.35358179152445,20.75303726872867,[15],[35.75303727]
537,sku231,2023-09,Theta,-460.69050389137203,84.1035755837058,[15],[99.10357558]
538,sku231,2023-09,Croston,-460.47673543294275,84.0715103149414,[15],[99.07151]
539,sku231,2023-10,ARIMA,-630.6573781494188,168.05119697436632,[23],[191.05119697]
540,sku231,2023-10,SARIMA,-939.3236326653182,239.0444355130232,[23],[262.04443551]
541,sku231,2023-10,Theta,-200.13839268557444,69.03183031768212,[23],[92.03183032]
542,sku231,2023-10,Croston,-230.74569702148438,76.0715103149414,[23],[99.07151]
543,sku231,2023-11,ARIMA,-5.259461190792166,62.103082102567384,[59],[121.1030821]
544,sku231,2023-11,SARIMA,1.2937675946797782,58.23667711913893,[59],[117.23667712]
545,sku231,2023-11,Theta,58.30200043685364,24.601819742256353,[59],[83.60181974]
546,sku231,2023-11,Croston,69.63718220338983,17.9140625,[59],[76.91406]
547,sku231,2023-12,ARIMA,-888.4285092536933,168.03284657312787,[17],[185.03284657]
548,sku231,2023-12,SARIMA,-93.98794973511303,32.977951454969215,[17],[49.97795145]
549,sku231,2023-12,Theta,-228.17666780991772,55.790033527686006,[17],[72.79003353]
550,sku231,2023-12,Croston,-226.98920754825366,55.588165283203125,[17],[72.588165]
551,sku239,2023-07,ARIMA,0.0,16.0,[16],[0]
552,sku239,2023-07,SARIMA,-535.1590696979688,101.62545115167501,[16],[117.62545115]
553,sku239,2023-07,Theta,14.802669761939953,13.631572838089607,[16],[2.36842716]
554,sku239,2023-07,Croston,-30.663037300109863,20.906085968017578,[16],[36.906086]
555,sku239,2023-08,ARIMA,0.0,16.0,[16],[0]
556,sku239,2023-08,SARIMA,0.0,16.0,[16],[0]
557,sku239,2023-08,Theta,27.33950439323391,11.625679297082574,[16],[4.3743207]
558,sku239,2023-08,Croston,-28.392624855041504,20.54281997680664,[16],[36.54282]
559,sku239,2023-09,ARIMA,0.0,7.0,[7],[0]
560,sku239,2023-09,SARIMA,0.0,7.0,[7],[0]
561,sku239,2023-09,Theta,24.306917511660785,5.298515774183745,[7],[1.70148423]
562,sku239,2023-09,Croston,-265.6787327357701,25.597511291503906,[7],[32.59751]
563,sku239,2023-10,ARIMA,0.0,58.0,[58],[0]
564,sku239,2023-10,SARIMA,0.0,58.0,[58],[0]
565,sku239,2023-10,Theta,0.0,58.0,[58],[0]
566,sku239,2023-10,Croston,50.60256760695885,28.650510787963867,[58],[29.34949]
567,sku239,2023-11,ARIMA,0.0,6.0,[6],[0]
568,sku239,2023-11,SARIMA,-337.86622801605466,26.271973680963278,[6],[32.27197368]
569,sku239,2023-11,Theta,-1934.334137088,122.06004822528001,[6],[128.06004823]
570,sku239,2023-11,Croston,-220.50323486328125,19.230194091796875,[6],[25.230194]
571,sku239,2023-12,ARIMA,0.0,12.0,[12],[0]
572,sku239,2023-12,SARIMA,0.0,12.0,[12],[0]
573,sku239,2023-12,Theta,0.0,12.0,[12],[0]
574,sku239,2023-12,Croston,-51.578458150227846,18.189414978027344,[12],[30.189415]
575,sku255,2023-07,ARIMA,57.613741688570755,59.764624219115234,[141],[200.76462422]
576,sku255,2023-07,SARIMA,45.528851695178055,76.80431910979894,[141],[217.80431911]
577,sku255,2023-07,Theta,24.784952722662297,106.05321666104615,[141],[247.05321666]
578,sku255,2023-07,Croston,2.4326189189937963,137.57000732421875,[141],[278.57]
579,sku255,2023-08,ARIMA,64.7610818329717,88.09729541757076,[250],[338.09729542]
580,sku255,2023-08,SARIMA,23.93067804143959,190.17330489640102,[250],[440.1733049]
581,sku255,2023-08,Theta,72.89163072328827,67.77092319177933,[250],[317.77092319]
582,sku255,2023-08,Croston,78.4767822265625,53.80804443359375,[250],[303.80804]
583,sku255,2023-09,ARIMA,35.19892856037943,97.84961787382707,[151],[248.84961787]
584,sku255,2023-09,SARIMA,-103.3093770304421,306.9971593159676,[151],[457.99715932]
585,sku255,2023-09,Theta,11.012773009412285,134.37071275578745,[151],[285.37071276]
586,sku255,2023-09,Croston,9.065438580039313,137.31118774414062,[151],[288.3112]
587,sku255,2023-10,ARIMA,49.94528908222588,267.29215630091386,[534],[266.7078437]
588,sku255,2023-10,SARIMA,89.01406843682557,58.664874547351474,[534],[475.33512545]
589,sku255,2023-10,Theta,52.90232018046525,251.50161023631557,[534],[282.49838976]
590,sku255,2023-10,Croston,53.359556733892205,249.05996704101562,[534],[284.94003]
591,sku255,2023-11,ARIMA,33.679123553939235,464.90934388688595,[701],[236.09065611]
592,sku255,2023-11,SARIMA,94.18208434485679,40.78358874255389,[701],[660.21641126]
593,sku255,2023-11,Theta,36.876223063950974,442.4976763217037,[701],[258.50232368]
594,sku255,2023-11,Croston,38.78754576330689,429.09930419921875,[701],[271.9007]
595,sku255,2023-12,ARIMA,69.70932335822087,79.3615728014613,[262],[341.3615728]
596,sku255,2023-12,SARIMA,86.87672581298352,34.382978369983164,[262],[296.38297837]
597,sku255,2023-12,Theta,77.35295336880738,59.335262173724686,[262],[321.33526217]
598,sku255,2023-12,Croston,86.16581108733898,36.245574951171875,[262],[298.24557]
599,sku270,2023-07,ARIMA,-209.16010985632846,108.20603844971495,[35],[143.20603845]
600,sku270,2023-07,SARIMA,-442.69326787959085,189.94264375785679,[35],[224.94264376]
601,sku270,2023-07,Theta,-745.0402979426835,295.76410427993926,[35],[330.76410428]
602,sku270,2023-07,Croston,-56.207427978515625,54.67259979248047,[35],[89.6726]
603,sku270,2023-08,ARIMA,-159.2178103076239,108.87148032920203,[42],[150.87148033]
604,sku270,2023-08,SARIMA,31.34507825108868,28.835067134542754,[42],[70.83506713]
605,sku270,2023-08,Theta,-142.60985918621944,101.89614085821216,[42],[143.89614086]
606,sku270,2023-08,Croston,-34.763681320917016,56.600746154785156,[42],[98.600746]
607,sku270,2023-09,ARIMA,-82.78933526691395,80.42730751744215,[44],[124.42730752]
608,sku270,2023-09,SARIMA,0.0,44.0,[44],[0]
609,sku270,2023-09,Theta,0.0,44.0,[44],[0]
610,sku270,2023-09,Croston,1.4117674394087345,43.378822326660156,[44],[87.37882]
611,sku270,2023-10,ARIMA,96.17423224816557,5.126528787458142,[134],[128.87347121]
612,sku270,2023-10,SARIMA,51.39796876069544,65.12672186066811,[134],[199.12672186]
613,sku270,2023-10,Theta,36.564190907604356,85.00398418381016,[134],[219.00398418]
614,sku270,2023-10,Croston,58.866392676510024,55.11903381347656,[134],[78.88097]
615,sku270,2023-11,ARIMA,82.55418195401276,16.05015260230826,[92],[108.0501526]
616,sku270,2023-11,SARIMA,90.22662086529085,8.991508803932419,[92],[100.9915088]
617,sku270,2023-11,Theta,-85.94887239645729,171.07296260474072,[92],[263.0729626]
618,sku270,2023-11,Croston,78.36104683254077,19.9078369140625,[92],[72.09216]
619,sku270,2023-12,ARIMA,-1307.5458148815023,112.60366519052019,[8],[120.60366519]
620,sku270,2023-12,SARIMA,0.0,8.0,[8],[0]
621,sku270,2023-12,Theta,0.0,8.0,[8],[0]
622,sku270,2023-12,Croston,-817.082405090332,73.36659240722656,[8],[81.36659]
623,sku271,2023-07,ARIMA,-28.807648374787533,42.50652396367988,[33],[75.50652396]
624,sku271,2023-07,SARIMA,14.056836384949378,28.361243992966706,[33],[61.36124399]
625,sku271,2023-07,Theta,-334.13070922081687,143.26313404286958,[33],[176.26313404]
626,sku271,2023-07,Croston,-23.17851673473011,40.64891052246094,[33],[73.64891]
627,sku271,2023-08,ARIMA,-114.10430790239334,94.20589547705308,[44],[138.20589548]
628,sku271,2023-08,SARIMA,66.3482543632235,14.806768080181655,[44],[58.80676808]
629,sku271,2023-08,Theta,-118.02623938254234,95.93154532831863,[44],[139.93154533]
630,sku271,2023-08,Croston,7.7099366621537655,40.607627868652344,[44],[84.60763]
631,sku271,2023-09,ARIMA,-31.561321972796065,47.362075910206585,[36],[83.36207591]
632,sku271,2023-09,SARIMA,98.84317600595429,0.4164566378564558,[36],[36.41645664]
633,sku271,2023-09,Theta,0.0,36.0,[36],[0]
634,sku271,2023-09,Croston,-4.512129889594178,37.624366760253906,[36],[73.62437]
635,sku271,2023-10,ARIMA,96.72005188217102,3.673541891968455,[112],[108.32645811]
636,sku271,2023-10,SARIMA,90.15116048839343,11.030700252999367,[112],[123.03070025]
637,sku271,2023-10,Theta,68.5369855586699,35.238576174289705,[112],[147.23857617]
638,sku271,2023-10,Croston,59.51518331255232,45.342994689941406,[112],[66.657005]
639,sku271,2023-11,ARIMA,-361.0065305469844,73.7610448875175,[16],[89.76104489]
640,sku271,2023-11,SARIMA,-209.6093862855252,49.53750180568403,[16],[65.53750181]
641,sku271,2023-11,Theta,-996.0170567294058,175.3627290767049,[16],[191.36272908]
642,sku271,2023-11,Croston,-171.78945541381836,43.48631286621094,[16],[59.486313]
643,sku271,2023-12,ARIMA,-308.86905542551784,85.86250163935875,[21],[106.86250164]
644,sku271,2023-12,SARIMA,93.18296134882054,1.431578116747687,[21],[19.56842188]
645,sku271,2023-12,Theta,0.0,21.0,[21],[0]
646,sku271,2023-12,Croston,-126.58894856770834,47.58367919921875,[21],[68.58368]
647,sku327,2023-07,ARIMA,42.012544210395355,51.02896109485209,[88],[139.02896109]
648,sku327,2023-07,SARIMA,26.168822595487,64.97143611597144,[88],[152.97143612]
649,sku327,2023-07,Theta,83.84851618820198,14.213305754382247,[88],[102.21330575]
650,sku327,2023-07,Croston,83.54148864746094,14.483489990234375,[88],[102.48349]
651,sku327,2023-08,ARIMA,35.47265506920412,50.976602495328734,[79],[129.9766025]
652,sku327,2023-08,SARIMA,30.67044603660709,54.7703476310804,[79],[133.77034763]
653,sku327,2023-08,Theta,51.800614042893436,38.07751490611419,[79],[117.07751491]
654,sku327,2023-08,Croston,60.523223876953125,31.18665313720703,[79],[110.18665]
655,sku327,2023-09,ARIMA,93.77353726010875,7.222696778273843,[116],[123.22269678]
656,sku327,2023-09,SARIMA,60.65084450006098,45.645020379929264,[116],[70.35497962]
657,sku327,2023-09,Theta,94.6242215700924,6.23590297869282,[116],[109.76409702]
658,sku327,2023-09,Croston,88.8451806430159,12.939590454101562,[116],[103.06041]
659,sku327,2023-10,ARIMA,95.6820234249216,5.008852827090948,[116],[121.00885283]
660,sku327,2023-10,SARIMA,66.99829316748381,38.28197992571879,[116],[154.28197993]
661,sku327,2023-10,Theta,88.11996871554038,13.780836289973166,[116],[102.21916371]
662,sku327,2023-10,Croston,82.67803192138672,20.093482971191406,[116],[95.90652]
663,sku327,2023-11,ARIMA,88.8859829957769,15.559623805912338,[140],[124.44037619]
664,sku327,2023-11,SARIMA,2.968406171001618,135.84423136059775,[140],[275.84423136]
665,sku327,2023-11,Theta,-15.847257449850716,162.18616042979102,[140],[302.18616043]
666,sku327,2023-11,Croston,69.84850202287947,42.21209716796875,[140],[97.7879]
667,sku327,2023-12,ARIMA,98.64076399752607,1.671860283042946,[123],[124.67186028]
668,sku327,2023-12,SARIMA,9.03027122951245,111.89276638769968,[123],[234.89276639]
669,sku327,2023-12,Theta,9.591520000150012,111.20243039981548,[123],[234.2024304]
670,sku327,2023-12,Croston,80.88930951870555,23.506149291992188,[123],[99.49385]
671,sku366,2023-07,ARIMA,76.96624699693884,23.033753003061165,[100],[76.966247]
672,sku366,2023-07,SARIMA,-55.291263904785666,155.29126390478567,[100],[255.2912639]
673,sku366,2023-07,Theta,-6.966118911348133,106.96611891134813,[100],[206.96611891]
674,sku366,2023-07,Croston,58.0809326171875,41.9190673828125,[100],[141.91907]
675,sku366,2023-08,ARIMA,-145.10618101908105,68.6297306853427,[28],[96.62973069]
676,sku366,2023-08,SARIMA,-422.8736724296865,146.4046282803122,[28],[174.40462828]
677,sku366,2023-08,Theta,-748.2202984363252,237.50168356217102,[28],[265.50168356]
678,sku366,2023-08,Croston,-408.38857378278465,142.3488006591797,[28],[170.3488]
679,sku366,2023-09,ARIMA,73.11118929110083,16.133286425339506,[60],[76.13328643]
680,sku366,2023-09,SARIMA,44.69342267384727,33.183946395691635,[60],[93.1839464]
681,sku366,2023-09,Theta,13.998609392040322,51.60083436477581,[60],[111.60083436]
682,sku366,2023-09,Croston,-62.70286560058594,97.62171936035156,[60],[157.62172]
683,sku366,2023-10,ARIMA,99.32861273144934,0.8996589398578863,[134],[133.10034106]
684,sku366,2023-10,SARIMA,54.88791953073886,60.45018782880993,[134],[73.54981217]
685,sku366,2023-10,Theta,80.15030428457156,26.598592258674103,[134],[107.40140774]
686,sku366,2023-10,Croston,95.84356279515508,5.5696258544921875,[134],[139.56963]
687,sku366,2023-11,ARIMA,73.46090658971616,31.581521158237763,[119],[150.58152116]
688,sku366,2023-11,SARIMA,-40.69011505367152,167.4212369138691,[119],[286.42123691]
689,sku366,2023-11,Theta,-62.115109135790874,192.91697987159114,[119],[311.91697987]
690,sku366,2023-11,Croston,91.45592441077994,10.167449951171875,[119],[129.16745]
691,sku366,2023-12,ARIMA,50.33600303296517,47.67743708835343,[96],[143.67743709]
692,sku366,2023-12,SARIMA,-102.95964576306352,194.841259932541,[96],[290.84125993]
693,sku366,2023-12,Theta,-107.66815637514497,199.36143012013918,[96],[295.36143012]
694,sku366,2023-12,Croston,64.99964396158855,33.600341796875,[96],[129.60034]
695,sku486,2023-07,ARIMA,76.58628394025831,32.77920248363836,[140],[107.22079752]
696,sku486,2023-07,SARIMA,90.00616273851122,13.99137216608429,[140],[153.99137217]
697,sku486,2023-07,Theta,60.28692212504176,55.59830902494153,[140],[84.40169098]
698,sku486,2023-07,Croston,63.77592904227121,50.71369934082031,[140],[89.2863]
699,sku486,2023-08,ARIMA,71.40542071054833,38.31673624786525,[134],[95.68326375]
700,sku486,2023-08,SARIMA,50.761345262368685,65.97979734842596,[134],[199.97979735]
701,sku486,2023-08,Theta,44.11451037028029,74.8865561038244,[134],[59.1134439]
702,sku486,2023-08,Croston,57.267003984593636,57.26221466064453,[134],[76.737785]
703,sku486,2023-09,ARIMA,41.40410495225977,47.46267498866959,[81],[128.46267499]
704,sku486,2023-09,SARIMA,-367.18844869656573,378.42264344421824,[81],[459.42264344]
705,sku486,2023-09,Theta,40.543936626390945,48.159411332623336,[81],[129.15941133]
706,sku486,2023-09,Croston,82.0097275722174,14.572120666503906,[81],[95.57212]
707,sku486,2023-10,ARIMA,9.852878070009467,62.20151413169347,[69],[131.20151413]
708,sku486,2023-10,SARIMA,-288.2600132907018,267.89940917058425,[69],[336.89940917]
709,sku486,2023-10,Theta,0.6387338846541724,68.55927361958862,[69],[137.55927362]
710,sku486,2023-10,Croston,44.87105659816576,38.038970947265625,[69],[107.03897]
711,sku486,2023-11,ARIMA,23.607148750572136,315.50247566013707,[413],[97.49752434]
712,sku486,2023-11,SARIMA,78.75705018628338,87.73338273064962,[413],[325.26661727]
713,sku486,2023-11,Theta,23.252839973122846,316.96577091100266,[413],[96.03422909]
714,sku486,2023-11,Croston,24.03305090657159,313.7434997558594,[413],[99.2565]
715,sku486,2023-12,ARIMA,99.00115218318763,0.9888593386442466,[99],[98.01114066]
716,sku486,2023-12,SARIMA,-46.27419107962356,144.81144916882732,[99],[243.81144917]
717,sku486,2023-12,Theta,78.78397031410961,21.003869389031493,[99],[77.99613061]
718,sku486,2023-12,Croston,91.11449116408222,8.796653747558594,[99],[90.20335]
719,sku492,2023-07,ARIMA,-42.369201075544794,130.9796649895012,[92],[222.97966499]
720,sku492,2023-07,SARIMA,33.10311958343132,61.545129983243186,[92],[153.54512998]
721,sku492,2023-07,Theta,80.59185298710568,17.855495251862777,[92],[109.85549525]
722,sku492,2023-07,Croston,31.878546009893,62.67173767089844,[92],[154.67174]
723,sku492,2023-08,ARIMA,84.79771941705975,23.10746648606917,[152],[175.10746649]
724,sku492,2023-08,SARIMA,60.169970621774915,60.54164465490213,[152],[91.45835535]
725,sku492,2023-08,Theta,79.55030703007121,31.08353331429177,[152],[120.91646669]
726,sku492,2023-08,Croston,96.64890891627262,5.093658447265625,[152],[157.09366]
727,sku492,2023-09,ARIMA,-48.58385088348709,102.5228571096061,[69],[171.52285711]
728,sku492,2023-09,SARIMA,3.0240221046311575,66.9134247478045,[69],[135.91342475]
729,sku492,2023-09,Theta,-135.08357490364835,162.20766668351737,[69],[231.20766668]
730,sku492,2023-09,Croston,-18.276203542515844,81.61058044433594,[69],[150.61058]
731,sku492,2023-10,ARIMA,-142.3929621123835,116.34862181394408,[48],[164.34862181]
732,sku492,2023-10,SARIMA,-415.36075933476377,247.37316448068663,[48],[295.37316448]
733,sku492,2023-10,Theta,-539.8997942592931,307.1519012444607,[48],[355.15190124]
734,sku492,2023-10,Croston,-114.06046549479166,102.7490234375,[48],[150.74902]
735,sku492,2023-11,ARIMA,28.466702322240735,409.170462716783,[572],[162.82953728]
736,sku492,2023-11,SARIMA,69.46351627030892,174.668686933833,[572],[397.33131307]
737,sku492,2023-11,Theta,75.7669402915723,138.61310153220643,[572],[433.38689847]
738,sku492,2023-11,Croston,24.930223051484646,429.3991241455078,[572],[142.60088]
739,sku492,2023-12,ARIMA,68.50165960504222,60.47681355831895,[192],[131.52318644]
740,sku492,2023-12,SARIMA,80.45720655134531,37.52216342141702,[192],[229.52216342]
741,sku492,2023-12,Theta,91.25531381375329,16.78979747759368,[192],[208.78979748]
742,sku492,2023-12,Croston,69.35868263244629,58.831329345703125,[192],[133.16867]
743,sku498,2023-07,ARIMA,-2402.1913773011183,125.1095688650559,[5],[130.10956887]
744,sku498,2023-07,SARIMA,-6256.459470708999,317.82297353544993,[5],[322.82297354]
745,sku498,2023-07,Theta,-345.99604613811596,22.299802306905796,[5],[27.29980231]
746,sku498,2023-07,Croston,-1386.6741943359375,74.33370971679688,[5],[79.33371]
747,sku498,2023-08,ARIMA,-50.18676268847034,103.62886625504453,[69],[172.62886626]
748,sku498,2023-08,SARIMA,90.17584929875747,6.778663983857342,[69],[62.22133602]
749,sku498,2023-08,Theta,37.84146081962108,42.88939203446145,[69],[26.11060797]
750,sku498,2023-08,Croston,95.00794341598731,3.44451904296875,[69],[72.44452]
751,sku498,2023-09,ARIMA,-1259.697269393022,81.58183616358133,[6],[87.58183616]
752,sku498,2023-09,SARIMA,0.0,6.0,[6],[0]
753,sku498,2023-09,Theta,8.414984686922011,5.495100918784679,[6],[11.49510092]
754,sku498,2023-09,Croston,-827.0140965779623,55.620845794677734,[6],[61.620846]
755,sku498,2023-10,ARIMA,-817.0667449871723,128.38934429820412,[14],[142.3893443]
756,sku498,2023-10,SARIMA,-829.5637747641697,130.13892846698377,[14],[144.13892847]
757,sku498,2023-10,Theta,-67.75478729753897,23.485670221655454,[14],[37.48567022]
758,sku498,2023-10,Croston,-249.0471431187221,48.866600036621094,[14],[62.8666]
759,sku498,2023-11,ARIMA,59.149067483494,21.65099423374818,[53],[74.65099423]
760,sku498,2023-11,SARIMA,-295.5251116502283,209.628309174621,[53],[262.62830917]
761,sku498,2023-11,Theta,33.10531030845422,35.45418553651926,[53],[17.54581446]
762,sku498,2023-11,Croston,99.77337099471183,0.12011337280273438,[53],[53.120113]
763,sku498,2023-12,ARIMA,-593.7381784082928,97.12334497716098,[14],[111.12334498]
764,sku498,2023-12,SARIMA,32.79062186623288,9.409312938727396,[14],[23.40931294]
765,sku498,2023-12,Theta,85.3704386149101,2.0481385939125865,[14],[11.95186141]
766,sku498,2023-12,Croston,-129.53308650425504,32.1346321105957,[14],[46.134632]
767,sku499,2023-07,ARIMA,-770.6423731515403,121.88993224121563,[14],[135.88993224]
768,sku499,2023-07,SARIMA,-1242.7484412622703,187.98478177671782,[14],[201.98478178]
769,sku499,2023-07,Theta,-367.8597557000935,65.50036579801309,[14],[79.5003658]
770,sku499,2023-07,Croston,-425.41476658412387,73.55806732177734,[14],[87.55807]
771,sku499,2023-08,ARIMA,-91.47542227397315,80.41967735506871,[42],[122.41967736]
772,sku499,2023-08,SARIMA,81.51049681076688,7.765591339477908,[42],[49.76559134]
773,sku499,2023-08,Theta,21.80379032193251,32.842408064788344,[42],[74.84240806]
774,sku499,2023-08,Croston,3.8883390880766484,40.36689758300781,[42],[82.3669]
775,sku499,2023-09,ARIMA,-347.90192317214377,89.58038463442875,[20],[109.58038463]
776,sku499,2023-09,SARIMA,0.0,20.0,[20],[0]
777,sku499,2023-09,Theta,-93.12460012539574,38.62492002507915,[20],[58.62492003]
778,sku499,2023-09,Croston,-182.97744750976562,56.595489501953125,[20],[76.59549]
779,sku499,2023-10,ARIMA,-653.3683103437727,90.40419724125272,[12],[102.40419724]
780,sku499,2023-10,SARIMA,0.0,12.0,[12],[0]
781,sku499,2023-10,Theta,-232.7517576048681,39.93021091258417,[12],[51.93021091]
782,sku499,2023-10,Croston,-413.5730743408203,61.62876892089844,[12],[73.62877]
783,sku499,2023-11,ARIMA,-30.42774350266751,53.47537483609368,[41],[94.47537484]
784,sku499,2023-11,SARIMA,-1006.2321406831147,453.55517768007707,[41],[494.55517768]
785,sku499,2023-11,Theta,93.2080431434558,2.784702311183125,[41],[43.78470231]
786,sku499,2023-11,Croston,38.747257139624615,25.113624572753906,[41],[66.113625]
787,sku499,2023-12,ARIMA,-356.71498630825107,68.50724794623767,[15],[83.50724795]
788,sku499,2023-12,SARIMA,-340.79866714451026,66.11980007167654,[15],[81.11980007]
789,sku499,2023-12,Theta,-41.04603421017856,21.156905131526784,[15],[36.15690513]
790,sku499,2023-12,Croston,-186.74110412597656,43.011165618896484,[15],[58.011166]
791,sku652,2023-07,ARIMA,-197.19231493990821,193.17500471094036,[65],[258.17500471]
792,sku652,2023-07,SARIMA,0.0,65.0,[65],[0]
793,sku652,2023-07,Theta,-182.209185977885,183.43597088562527,[65],[248.43597089]
794,sku652,2023-07,Croston,-124.2381403996394,145.75479125976562,[65],[210.75479]
795,sku652,2023-08,ARIMA,-1123.2333296700356,146.78799956040427,[12],[158.78799956]
796,sku652,2023-08,SARIMA,-298.02149379991624,47.76257925598995,[12],[59.76257926]
797,sku652,2023-08,Theta,-1782.689612590031,225.92275351080372,[12],[237.92275351]
798,sku652,2023-08,Croston,-1586.5558624267578,202.38670349121094,[12],[214.3867]
799,sku652,2023-09,ARIMA,-541.81413099199,173.28981536783732,[27],[200.28981537]
800,sku652,2023-09,SARIMA,-170.05293835907054,72.91429335694905,[27],[99.91429336]
801,sku652,2023-09,Theta,-564.5692123017267,179.4336873214662,[27],[206.43368732]
802,sku652,2023-09,Croston,-560.3179931640625,178.28585815429688,[27],[205.28586]
803,sku652,2023-10,ARIMA,21.500331751176702,96.55459194605265,[123],[219.55459195]
804,sku652,2023-10,SARIMA,-62.90028039423669,200.36734488491112,[123],[323.36734488]
805,sku652,2023-10,Theta,63.04136675403827,45.45911889253293,[123],[168.45911889]
806,sku652,2023-10,Croston,45.33485474625254,67.23812866210938,[123],[190.23813]
807,sku652,2023-11,ARIMA,28.1925368921448,87.60510499158335,[122],[209.60510499]
808,sku652,2023-11,SARIMA,-283.1725350071196,467.4704927086859,[122],[589.47049271]
809,sku652,2023-11,Theta,87.24510638309161,15.560970212628234,[122],[137.56097021]
810,sku652,2023-11,Croston,55.18384839667649,54.67570495605469,[122],[176.6757]
811,sku652,2023-12,ARIMA,-574.4295208470207,168.60738021175518,[25],[193.60738021]
812,sku652,2023-12,SARIMA,-240.76159044365443,85.1903976109136,[25],[110.19039761]
813,sku652,2023-12,Theta,-347.2040771993774,111.80101929984437,[25],[136.8010193]
814,sku652,2023-12,Croston,-491.4144287109375,147.85360717773438,[25],[172.8536]
815,sku709,2023-07,ARIMA,57.34959689360191,139.89332218898574,[328],[467.89332219]
816,sku709,2023-07,SARIMA,21.03704005322608,258.9985086254185,[328],[586.99850863]
817,sku709,2023-07,Theta,73.01220182718748,88.51997800682506,[328],[416.51997801]
818,sku709,2023-07,Croston,90.65223321682069,30.660675048828125,[328],[358.66068]
819,sku709,2023-08,ARIMA,-481.72223785053245,267.59222941124494,[46],[313.59222941]
820,sku709,2023-08,SARIMA,-553.1687579322221,300.45762864882215,[46],[346.45762865]
821,sku709,2023-08,Theta,-639.7629777864075,340.2909697817475,[46],[386.29096978]
822,sku709,2023-08,Croston,-545.196068805197,296.7901916503906,[46],[342.7902]
823,sku709,2023-09,ARIMA,-783.5517301251557,344.5851747488107,[39],[383.58517475]
824,sku709,2023-09,SARIMA,-899.3408680341483,389.74293853331784,[39],[428.74293853]
825,sku709,2023-09,Theta,-781.6299242870624,343.8356704719543,[39],[382.83567047]
826,sku709,2023-09,Croston,-677.0955403645833,303.0672607421875,[39],[342.06726]
827,sku709,2023-10,ARIMA,61.25082724698507,87.57313042181374,[226],[313.57313042]
828,sku709,2023-10,SARIMA,95.42794221683387,10.332850589955456,[226],[236.33285059]
829,sku709,2023-10,Theta,50.905323719455644,110.95396839403026,[226],[336.95396839]
830,sku709,2023-10,Croston,61.44248489784984,87.13998413085938,[226],[313.13998]
831,sku709,2023-11,ARIMA,34.797375761822906,529.4453088139979,[812],[282.55469119]
832,sku709,2023-11,SARIMA,74.59242763054517,206.3094876399732,[812],[1018.30948764]
833,sku709,2023-11,Theta,36.30491851776401,517.2040616357563,[812],[294.79593836]
834,sku709,2023-11,Croston,35.241778143521,525.8367614746094,[812],[286.16324]
835,sku709,2023-12,ARIMA,72.1767504225318,84.5826787155033,[304],[219.41732128]
836,sku709,2023-12,SARIMA,0.0,304.0,[304],[0]
837,sku709,2023-12,Theta,94.68536435032,16.1564923750272,[304],[287.84350762]
838,sku709,2023-12,Croston,92.22928097373561,23.62298583984375,[304],[280.377]
839,sku716,2023-07,ARIMA,18.086125534362253,67.16937706182296,[82],[149.16937706]
840,sku716,2023-07,SARIMA,-19.80257367957425,98.23811041725088,[82],[180.23811042]
841,sku716,2023-07,Theta,74.85134741373797,20.621895120734862,[82],[102.62189512]
842,sku716,2023-07,Croston,67.2924320872237,26.820205688476562,[82],[108.820206]
843,sku716,2023-08,ARIMA,-282.98542797031973,122.55533695050232,[32],[154.55533695]
844,sku716,2023-08,SARIMA,-309.54041491724746,131.0529327735192,[32],[163.05293277]
845,sku716,2023-08,Theta,-150.39965639376294,80.12789004600414,[32],[112.12789005]
846,sku716,2023-08,Croston,-169.45953369140625,86.22705078125,[32],[118.22705]
847,sku716,2023-09,ARIMA,93.83073729529151,9.870820327533579,[160],[150.12917967]
848,sku716,2023-09,SARIMA,0.0,160.0,[160],[0]
849,sku716,2023-09,Theta,65.96142919601674,54.461713286373225,[160],[105.53828671]
850,sku716,2023-09,Croston,69.69723224639893,48.48442840576172,[160],[111.51557]
851,sku716,2023-10,ARIMA,49.120557431408606,154.67350540851783,[304],[149.32649459]
852,sku716,2023-10,SARIMA,17.25738376454133,251.53755335579433,[304],[52.46244664]
853,sku716,2023-10,Theta,29.967096491373695,212.90002666622397,[304],[91.09997333]
854,sku716,2023-10,Croston,31.9212511966103,206.9593963623047,[304],[97.0406]
855,sku716,2023-11,ARIMA,30.027491411425004,62.27553264383175,[89],[151.27553264]
856,sku716,2023-11,SARIMA,-123.44836816455694,198.86904766645569,[89],[287.86904767]
857,sku716,2023-11,Theta,84.98170161039826,13.366285566745546,[89],[102.36628557]
858,sku716,2023-11,Croston,78.17003057244119,19.428672790527344,[89],[108.42867]
859,sku716,2023-12,ARIMA,-0.043492773434721244,76.03305450781039,[76],[152.03305451]
860,sku716,2023-12,SARIMA,-232.7878227409131,252.91874528309393,[76],[328.91874528]
861,sku716,2023-12,Theta,18.45838417556749,61.97162802656871,[76],[137.97162803]
862,sku716,2023-12,Croston,10.431691219932162,68.07191467285156,[76],[144.07191]
863,sku734,2023-07,ARIMA,-3.26357391218165e+19,72.46589799740133,[0],[72.465898]
864,sku734,2023-07,SARIMA,-3.717247869940485e+19,82.53948346893492,[0],[82.53948347]
865,sku734,2023-07,Theta,-9.169809001460272e+19,203.6106616967242,[0],[203.6106617]
866,sku734,2023-07,Croston,-3.80505996159615e+19,84.48930358886719,[0],[84.4893]
867,sku734,2023-08,ARIMA,-297.45121505990113,83.46475516257924,[21],[104.46475516]
868,sku734,2023-08,SARIMA,0.0,21.0,[21],[0]
869,sku734,2023-08,Theta,0.0,21.0,[21],[0]
870,sku734,2023-08,Croston,-123.9759536016555,47.034950256347656,[21],[68.03495]
871,sku734,2023-09,ARIMA,-2561.7697644139143,79.85309293241744,[3],[82.85309293]
872,sku734,2023-09,SARIMA,0.0,3.0,[3],[0]
873,sku734,2023-09,Theta,0.0,3.0,[3],[0]
874,sku734,2023-09,Croston,-2067.831675211589,65.03495025634766,[3],[68.03495]
875,sku734,2023-10,ARIMA,-384.91748266660755,63.03927274665898,[13],[76.03927275]
876,sku734,2023-10,SARIMA,-714.952860646921,105.94387188409972,[13],[118.94387188]
877,sku734,2023-10,Theta,-485.7514363103305,76.14768672034296,[13],[89.14768672]
878,sku734,2023-10,Croston,-230.38878807654748,42.95054244995117,[13],[55.950542]
879,sku734,2023-11,ARIMA,-420.25484650364695,46.82293618532823,[9],[55.82293619]
880,sku734,2023-11,SARIMA,-933.6316894060212,93.02685204654192,[9],[102.02685205]
881,sku734,2023-11,Theta,-1530.194661078534,146.71751949706805,[9],[155.7175195]
882,sku734,2023-11,Croston,-324.81388515896265,38.23324966430664,[9],[47.23325]
883,sku734,2023-12,ARIMA,-2.449219629717379e+19,54.383600505522686,[0],[54.38360051]
884,sku734,2023-12,SARIMA,100.0,0.0,[0],[0]
885,sku734,2023-12,Theta,100.0,0.0,[0],[0]
886,sku734,2023-12,Croston,-1.846174512316416e+19,40.993309020996094,[0],[40.99331]
887,sku824,2023-07,ARIMA,0.0,357.0,[357],[0]
888,sku824,2023-07,SARIMA,0.0,357.0,[357],[0]
889,sku824,2023-07,Theta,35.52021456038351,230.19283401943085,[357],[126.80716598]
890,sku824,2023-07,Croston,16.65873060039445,297.5283317565918,[357],[59.47167]
891,sku824,2023-08,ARIMA,46.86438530533792,126.46276297329575,[238],[364.46276297]
892,sku824,2023-08,SARIMA,-44.44785748432915,343.7859008127034,[238],[581.78590081]
893,sku824,2023-08,Theta,-61.48431805334408,384.33267696695896,[238],[622.33267697]
894,sku824,2023-08,Croston,45.529527423762474,129.6397247314453,[238],[108.360275]
895,sku824,2023-09,ARIMA,96.75164576251368,8.80303998358795,[271],[279.80303998]
896,sku824,2023-09,SARIMA,98.35588132089791,4.455561620366666,[271],[275.45556162]
897,sku824,2023-09,Theta,56.10917423811027,118.94413781472116,[271],[389.94413781]
898,sku824,2023-09,Croston,50.199146904188765,134.96031188964844,[271],[136.03969]
899,sku824,2023-10,ARIMA,59.658664524162205,169.83702235327712,[421],[251.16297765]
900,sku824,2023-10,SARIMA,-11.853265670556794,470.9022484730441,[421],[891.90224847]
901,sku824,2023-10,Theta,61.558144582526175,161.8402113075648,[421],[259.15978869]
902,sku824,2023-10,Croston,35.63655028716968,270.9701232910156,[421],[150.02988]
903,sku824,2023-11,ARIMA,29.111590370864334,737.2394601430109,[1040],[302.76053986]
904,sku824,2023-11,SARIMA,64.85276336647726,365.5312609886364,[1040],[1405.53126099]
905,sku824,2023-11,Theta,26.574730128596357,763.6228066625979,[1040],[276.37719334]
906,sku824,2023-11,Croston,16.332296224740844,870.1441192626953,[1040],[169.85588]
907,sku824,2023-12,ARIMA,42.619747561371376,490.02735582588843,[854],[363.97264417]
908,sku824,2023-12,SARIMA,59.68652754392224,344.27705477490406,[854],[509.72294523]
909,sku824,2023-12,Theta,50.13582606301565,425.84004542184636,[854],[428.15995458]
910,sku824,2023-12,Croston,25.4685288011609,636.4987640380859,[854],[217.50124]
911,sku835,2023-07,ARIMA,49.76777740171981,591.2332599817578,[1177],[1768.23325998]
912,sku835,2023-07,SARIMA,82.07185649309116,211.01424907631713,[1177],[1388.01424908]
913,sku835,2023-07,Theta,2.0485053940319915,1152.8890915122433,[1177],[2329.88909151]
914,sku835,2023-07,Croston,64.08414492287065,422.7296142578125,[1177],[1599.7296]
915,sku835,2023-08,ARIMA,36.85323813757314,772.2848975774805,[1223],[1995.28489758]
916,sku835,2023-08,SARIMA,94.51818332344602,67.04261795425509,[1223],[1155.95738205]
917,sku835,2023-08,Theta,82.14561302539653,218.3591526994004,[1223],[1004.6408473]
918,sku835,2023-08,Croston,59.86697430115495,490.826904296875,[1223],[1713.8269]
919,sku835,2023-09,ARIMA,80.96917658463634,394.318661166335,[2072],[1677.68133883]
920,sku835,2023-09,SARIMA,65.7661793009681,709.3247648839408,[2072],[1362.67523512]
921,sku835,2023-09,Theta,80.04631874179826,413.4402756699401,[2072],[2485.44027567]
922,sku835,2023-09,Croston,78.74831858749096,440.3348388671875,[2072],[1631.6652]
923,sku835,2023-10,ARIMA,77.40643184260459,430.40747339838254,[1905],[1474.5925266]
924,sku835,2023-10,SARIMA,91.4976923310793,161.96896109293925,[1905],[1743.03103891]
925,sku835,2023-10,Theta,77.50442926418121,428.54062251734786,[1905],[2333.54062252]
926,sku835,2023-10,Croston,82.37577022842848,335.7415771484375,[1905],[1569.2584]
927,sku835,2023-11,ARIMA,55.98547773953448,1281.2627430021514,[2911],[1629.737257]
928,sku835,2023-11,SARIMA,73.12061192929723,782.4589867381578,[2911],[3693.45898674]
929,sku835,2023-11,Theta,44.916957706340796,1603.4673611684193,[2911],[4514.46736117]
930,sku835,2023-11,Croston,56.307076572430006,1271.9010009765625,[2911],[1639.099]
931,sku835,2023-12,ARIMA,89.2884945364906,191.95017790608836,[1792],[1600.04982209]
932,sku835,2023-12,SARIMA,56.028786078760106,787.9641534686189,[1792],[2579.96415347]
933,sku835,2023-12,Theta,58.51275545378117,743.4514222682415,[1792],[2535.45142227]
934,sku835,2023-12,Croston,93.464081627982,117.1236572265625,[1792],[1674.8763]
935,sku837,2023-07,ARIMA,34.357310999102296,255.35006021349204,[389],[644.35006021]
936,sku837,2023-07,SARIMA,24.076793657662407,295.3412726716932,[389],[684.34127267]
937,sku837,2023-07,Theta,-45.920369890107054,567.6302388725164,[389],[956.63023887]
938,sku837,2023-07,Croston,83.40261895736262,64.56381225585938,[389],[453.5638]
939,sku837,2023-08,ARIMA,37.71322589804339,202.43201583135897,[325],[527.43201583]
940,sku837,2023-08,SARIMA,67.68279251275995,105.03092433353018,[325],[219.96907567]
941,sku837,2023-08,Theta,77.11128601058027,74.38832046561413,[325],[399.38832047]
942,sku837,2023-08,Croston,43.37380746694711,184.03512573242188,[325],[509.03513]
943,sku837,2023-09,ARIMA,73.13069584352777,152.34895456719755,[567],[414.65104543]
944,sku837,2023-09,SARIMA,85.90001117954488,79.94693661198056,[567],[487.05306339]
945,sku837,2023-09,Theta,61.00453288495734,221.10429854229187,[567],[788.10429854]
946,sku837,2023-09,Croston,86.29203675285218,77.72415161132812,[567],[489.27585]
947,sku837,2023-10,ARIMA,-168.21146898283,260.1651249133451,[97],[357.16512491]
948,sku837,2023-10,SARIMA,-143.64796042473637,236.33852161199428,[97],[333.33852161]
949,sku837,2023-10,Theta,-246.7888754672772,336.3852092032589,[97],[433.3852092]
950,sku837,2023-10,Croston,-276.4481062741624,365.1546630859375,[97],[462.15466]
951,sku837,2023-11,ARIMA,34.358687317550675,552.6998527862233,[842],[289.30014721]
952,sku837,2023-11,SARIMA,20.52097989315041,669.2133492996736,[842],[1511.2133493]
953,sku837,2023-11,Theta,-31.83659104878845,1110.0640966307988,[842],[1952.06409663]
954,sku837,2023-11,Croston,56.90311241602954,362.87579345703125,[842],[479.1242]
955,sku837,2023-12,ARIMA,34.985166279702554,470.70739613495357,[724],[253.29260387]
956,sku837,2023-12,SARIMA,90.4556686096381,69.10095926622023,[724],[793.10095927]
957,sku837,2023-12,Theta,56.417696127574594,315.5358800363599,[724],[1039.53588004]
958,sku837,2023-12,Croston,57.506354737676965,307.65399169921875,[724],[416.346]
959,sku858,2023-07,ARIMA,57.76068232129566,269.48684679013365,[638],[907.48684679]
960,sku858,2023-07,SARIMA,22.71581438829213,493.0731042026962,[638],[1131.0731042]
961,sku858,2023-07,Theta,27.957555834625907,459.63079377508666,[638],[1097.63079378]
962,sku858,2023-07,Croston,73.19850622673394,170.9935302734375,[638],[808.9935]
963,sku858,2023-08,ARIMA,88.39306227810754,106.319549532535,[916],[809.68045047]
964,sku858,2023-08,SARIMA,90.30797205313664,88.77897599326843,[916],[827.22102401]
965,sku858,2023-08,Theta,92.47411418827116,68.93711403543614,[916],[984.93711404]
966,sku858,2023-08,Croston,87.72211866087268,112.46539306640625,[916],[803.5346]
967,sku858,2023-09,ARIMA,94.03276694595185,35.86307065482936,[601],[636.86307065]
968,sku858,2023-09,SARIMA,17.752275206956057,494.30882600619407,[601],[1095.30882601]
969,sku858,2023-09,Theta,-10.910512297167728,666.572178905978,[601],[1267.57217891]
970,sku858,2023-09,Croston,70.97662546472026,174.43048095703125,[601],[775.4305]
971,sku858,2023-10,ARIMA,83.19869736399964,147.17941109136314,[876],[728.82058891]
972,sku858,2023-10,SARIMA,72.06113287409998,244.7444760228841,[876],[1120.74447602]
973,sku858,2023-10,Theta,92.00791521275448,70.01066273627066,[876],[946.01066274]
974,sku858,2023-10,Croston,91.2010785107199,77.07855224609375,[876],[798.92145]
975,sku858,2023-11,ARIMA,61.51591173553357,220.51382575539265,[573],[793.51382576]
976,sku858,2023-11,SARIMA,-38.235162637704775,792.0874819140483,[573],[1365.08748191]
977,sku858,2023-11,Theta,-18.354367959388938,678.1705284072987,[573],[1251.17052841]
978,sku858,2023-11,Croston,66.38172941890271,192.6326904296875,[573],[765.6327]
979,sku858,2023-12,ARIMA,65.07579842624291,473.2229313244085,[1355],[881.77706868]
980,sku858,2023-12,SARIMA,63.338081170689954,496.7690001371511,[1355],[1851.76900014]
981,sku858,2023-12,Theta,69.25930482724519,416.5364195908278,[1355],[1771.53641959]
982,sku858,2023-12,Croston,57.86126956728552,570.9797973632812,[1355],[784.0202]
983,sku859,2023-07,ARIMA,94.31549875838152,19.78206432083232,[348],[367.78206432]
984,sku859,2023-07,SARIMA,42.2590635145123,200.93845896949722,[348],[548.93845897]
985,sku859,2023-07,Theta,-12.953383606808359,393.0777749516931,[348],[741.07777495]
986,sku859,2023-07,Croston,64.88993852988057,122.18301391601562,[348],[470.183]
987,sku859,2023-08,ARIMA,8.687678410052996,181.71151996399453,[199],[380.71151996]
988,sku859,2023-08,SARIMA,40.872915571085755,117.66289801353935,[199],[316.66289801]
989,sku859,2023-08,Theta,-68.00467067921625,334.32929465164034,[199],[533.32929465]
990,sku859,2023-08,Croston,-48.916564634696925,296.3439636230469,[199],[495.34396]
991,sku859,2023-09,ARIMA,90.46923831571699,36.69343248448956,[385],[348.30656752]
992,sku859,2023-09,SARIMA,13.364757103222175,333.5456851525946,[385],[718.54568515]
993,sku859,2023-09,Theta,-18.481892011991135,456.1552842461658,[385],[841.15528425]
994,sku859,2023-09,Croston,82.8896817294034,65.87472534179688,[385],[450.87473]
995,sku859,2023-10,ARIMA,52.75049223446009,323.6591281939484,[685],[361.34087181]
996,sku859,2023-10,SARIMA,68.97220840883736,212.5403723994641,[685],[472.4596276]
997,sku859,2023-10,Theta,51.81957442230787,330.03591520719107,[685],[354.96408479]
998,sku859,2023-10,Croston,54.77704347485173,309.7772521972656,[685],[375.22275]
999,sku859,2023-11,ARIMA,-65.12499975927688,297.2249995666984,[180],[477.22499957]
1000,sku859,2023-11,SARIMA,-270.4029662345969,666.7253392222744,[180],[846.72533922]
1001,sku859,2023-11,Theta,-189.70420975900532,521.4675775662096,[180],[701.46757757]
1002,sku859,2023-11,Croston,-9.92962307400174,197.87332153320312,[180],[377.87332]
1003,sku859,2023-12,ARIMA,73.47055982705635,211.17434377663153,[796],[584.82565622]
1004,sku859,2023-12,SARIMA,15.060024726896941,676.1222031739003,[796],[1472.12220317]
1005,sku859,2023-12,Theta,14.76576699000448,678.4644947595643,[796],[1474.46449476]
1006,sku859,2023-12,Croston,58.981438258185456,326.50775146484375,[796],[469.49225]
1007,sku861,2023-07,ARIMA,42.43596193527265,50.656353496960065,[88],[138.6563535]
1008,sku861,2023-07,SARIMA,-97.0768330093396,173.42761304821886,[88],[261.42761305]
1009,sku861,2023-07,Theta,92.23314480232288,6.834832573955865,[88],[81.16516743]
1010,sku861,2023-07,Croston,70.71353738958186,25.77208709716797,[88],[113.77209]
1011,sku861,2023-08,ARIMA,72.8361095881924,29.337001644752206,[108],[137.33700164]
1012,sku861,2023-08,SARIMA,54.18796827616406,49.47699426174282,[108],[157.47699426]
1013,sku861,2023-08,Theta,76.21972622545971,25.682695676503513,[108],[82.31730432]
1014,sku861,2023-08,Croston,95.87272361472802,4.45745849609375,[108],[112.45746]
1015,sku861,2023-09,ARIMA,56.32195762580361,40.183798984260676,[92],[132.18379898]
1016,sku861,2023-09,SARIMA,47.86825879384907,47.961201909658854,[92],[44.03879809]
1017,sku861,2023-09,Theta,85.73681989802924,13.122125693813103,[92],[78.87787431]
1018,sku861,2023-09,Croston,83.04894488790761,15.594970703125,[92],[107.59497]
1019,sku861,2023-10,ARIMA,88.75827493431986,12.927983825532166,[115],[127.92798383]
1020,sku861,2023-10,SARIMA,49.51398028395103,58.05892267345631,[115],[56.94107733]
1021,sku861,2023-10,Theta,69.4380418156798,35.146251911968236,[115],[79.85374809]
1022,sku861,2023-10,Croston,92.9626995584239,8.0928955078125,[115],[106.907104]
1023,sku861,2023-11,ARIMA,91.40031746328135,9.975631742593634,[116],[125.97563174]
1024,sku861,2023-11,SARIMA,-25.76649341035842,145.88913235601575,[116],[261.88913236]
1025,sku861,2023-11,Theta,67.14808841550972,38.10821743800872,[116],[77.89178256]
1026,sku861,2023-11,Croston,89.51247642780173,12.16552734375,[116],[103.83447]
1027,sku861,2023-12,ARIMA,51.77755030632844,113.32275678012816,[235],[121.67724322]
1028,sku861,2023-12,SARIMA,90.5390513956085,22.233229220320027,[235],[257.23322922]
1029,sku861,2023-12,Theta,34.20677310004372,154.61408321489725,[235],[80.38591679]
1030,sku861,2023-12,Croston,44.71202444522939,129.92674255371094,[235],[105.07326]
1031,sku862,2023-07,ARIMA,46.526310350483,191.970545841766,[359],[550.97054584]
1032,sku862,2023-07,SARIMA,-39.04609761535812,499.1754904391356,[359],[858.17549044]
1033,sku862,2023-07,Theta,-31.85587494215079,473.36259104232136,[359],[832.36259104]
1034,sku862,2023-07,Croston,39.8916600474408,215.7889404296875,[359],[574.78894]
1035,sku862,2023-08,ARIMA,17.186802166969045,245.95519756410192,[297],[542.95519756]
1036,sku862,2023-08,SARIMA,4.4807358243135695,283.6922146017887,[297],[580.6922146]
1037,sku862,2023-08,Theta,-18.126287876249904,350.8350749924622,[297],[647.83507499]
1038,sku862,2023-08,Croston,4.417198515098903,283.88092041015625,[297],[580.8809]
1039,sku862,2023-09,ARIMA,44.980980657276106,173.8601011230075,[316],[489.86010112]
1040,sku862,2023-09,SARIMA,-21.831978594866314,384.9890523597776,[316],[700.98905236]
1041,sku862,2023-09,Theta,-31.469382616711783,415.4432490688092,[316],[731.44324907]
1042,sku862,2023-09,Croston,37.27760797814478,198.2027587890625,[316],[514.20276]
1043,sku862,2023-10,ARIMA,77.5974894412448,141.58386673133282,[632],[490.41613327]
1044,sku862,2023-10,SARIMA,88.44546418655135,73.02466634099551,[632],[558.97533366]
1045,sku862,2023-10,Theta,60.87222395102023,247.28754462955214,[632],[384.71245537]
1046,sku862,2023-10,Croston,71.03820028184336,183.03857421875,[632],[448.96143]
1047,sku862,2023-11,ARIMA,81.97618692291765,73.89763361603764,[410],[483.89763362]
1048,sku862,2023-11,SARIMA,18.680110723022096,333.4115460356094,[410],[743.41154604]
1049,sku862,2023-11,Theta,81.93512425673755,74.06599054737603,[410],[484.06599055]
1050,sku862,2023-11,Croston,99.75234613185975,1.015380859375,[410],[408.98462]
1051,sku862,2023-12,ARIMA,46.29573998569092,606.8581381616926,[1130],[523.14186184]
1052,sku862,2023-12,SARIMA,99.64156441308417,4.050322132148949,[1130],[1134.05032213]
1053,sku862,2023-12,Theta,89.51647242430478,118.46386160535599,[1130],[1011.53613839]
1054,sku862,2023-12,Croston,42.09553946435979,654.3204040527344,[1130],[475.6796]
1055,sku863,2023-07,ARIMA,-48.465053556412045,384.5244887111072,[259],[643.52448871]
1056,sku863,2023-07,SARIMA,-78.62321660997361,462.63413101983167,[259],[721.63413102]
1057,sku863,2023-07,Theta,-30.394078628282614,337.72066364725197,[259],[596.72066365]
1058,sku863,2023-07,Croston,-18.97813951646961,308.15338134765625,[259],[567.1534]
1059,sku863,2023-08,ARIMA,-51.95823091504741,369.2585011235652,[243],[612.25850112]
1060,sku863,2023-08,SARIMA,-72.61042958314866,419.44334388705124,[243],[662.44334389]
1061,sku863,2023-08,Theta,-51.62631892558014,368.45195498915973,[243],[611.45195499]
1062,sku863,2023-08,Croston,-34.10903239936985,325.88494873046875,[243],[568.88495]
1063,sku863,2023-09,ARIMA,-0.8884129691337392,294.5941658698705,[292],[586.59416587]
1064,sku863,2023-09,SARIMA,-88.52967074120829,550.5066385643282,[292],[842.50663856]
1065,sku863,2023-09,Theta,-59.18141210211658,464.80972333818045,[292],[756.80972334]
1066,sku863,2023-09,Croston,18.2852131046661,238.607177734375,[292],[530.6072]
1067,sku863,2023-10,ARIMA,76.20878815390421,185.0956281626252,[778],[592.90437184]
1068,sku863,2023-10,SARIMA,78.11239480994287,170.28556837864448,[778],[607.71443162]
1069,sku863,2023-10,Theta,65.00222762289243,272.28266909389686,[778],[505.71733091]
1070,sku863,2023-10,Croston,63.31853400772212,285.3818054199219,[778],[492.6182]
1071,sku863,2023-11,ARIMA,-102.16282219896806,369.9579646241116,[183],[552.95796462]
1072,sku863,2023-11,SARIMA,-275.74373978018417,687.611043797737,[183],[870.6110438]
1073,sku863,2023-11,Theta,-253.6160434304304,647.1173594776876,[183],[830.11735948]
1074,sku863,2023-11,Croston,-53.249938631318315,280.4473876953125,[183],[463.4474]
1075,sku863,2023-12,ARIMA,50.24283810672698,607.5349467168636,[1221],[613.46505328]
1076,sku863,2023-12,SARIMA,98.64798952459213,16.50804790473012,[1221],[1237.5080479]
1077,sku863,2023-12,Theta,97.46479347484878,30.954871672096488,[1221],[1190.04512833]
1078,sku863,2023-12,Croston,41.516743128071255,714.08056640625,[1221],[506.91943]
1079,sku903,2023-07,ARIMA,22.949725804523027,305.8895885560436,[397],[702.88958856]
1080,sku903,2023-07,SARIMA,-163.24949037269755,1045.1004767796092,[397],[1442.10047678]
1081,sku903,2023-07,Theta,19.250695304116675,320.5747396426568,[397],[717.57473964]
1082,sku903,2023-07,Croston,30.356196252164665,276.48590087890625,[397],[673.4859]
1083,sku903,2023-08,ARIMA,30.865284148940717,91.94917208190884,[133],[224.94917208]
1084,sku903,2023-08,SARIMA,37.70173886214756,82.85668731334374,[133],[215.85668731]
1085,sku903,2023-08,Theta,-373.13630855171243,629.2712903737774,[133],[762.27129037]
1086,sku903,2023-08,Croston,-338.7947254611137,583.5969848632812,[133],[716.597]
1087,sku903,2023-09,ARIMA,35.77258119077872,125.24346667798147,[195],[320.24346668]
1088,sku903,2023-09,SARIMA,-1.406583226006532,197.7428372907127,[195],[392.74283729]
1089,sku903,2023-09,Theta,-167.64793755626914,521.9134782347248,[195],[716.91347823]
1090,sku903,2023-09,Croston,-144.65272561097757,477.07281494140625,[195],[672.0728]
1091,sku903,2023-10,ARIMA,74.9260863762342,67.19808851169233,[268],[335.19808851]
1092,sku903,2023-10,SARIMA,-47.29452220127547,394.7493194994182,[268],[662.7493195]
1093,sku903,2023-10,Theta,-42.82428717643066,382.76908963283415,[268],[650.76908963]
1094,sku903,2023-10,Croston,-27.310453955806906,341.1920166015625,[268],[609.192]
1095,sku903,2023-11,ARIMA,84.44884177334816,79.62193012045736,[512],[591.62193012]
1096,sku903,2023-11,SARIMA,-8.260677971964142,554.2946712164564,[512],[1066.29467122]
1097,sku903,2023-11,Theta,81.94499251706036,92.44163831265098,[512],[604.44163831]
1098,sku903,2023-11,Croston,89.2972469329834,54.798095703125,[512],[566.7981]
1099,sku903,2023-12,ARIMA,51.48137968325833,323.6191975126669,[667],[343.38080249]
1100,sku903,2023-12,SARIMA,95.57023598931349,29.546525951279023,[667],[637.45347405]
1101,sku903,2023-12,Theta,85.74152134705764,95.10405261512551,[667],[571.89594738]
1102,sku903,2023-12,Croston,80.52504509464018,129.89794921875,[667],[537.10205]
1103,sku905,2023-07,ARIMA,-104.44239418805066,134.93198016411344,[66],[200.93198016]
1104,sku905,2023-07,SARIMA,-259.59729164766003,237.3342124874556,[66],[303.33421249]
1105,sku905,2023-07,Theta,-152.63179220261836,166.7369828537281,[66],[232.73698285]
1106,sku905,2023-07,Croston,-108.48425662878788,137.599609375,[66],[203.59961]
1107,sku905,2023-08,ARIMA,-504.47579832829035,120.89515966565807,[20],[140.89515967]
1108,sku905,2023-08,SARIMA,-749.8399986592283,169.96799973184565,[20],[189.96799973]
1109,sku905,2023-08,Theta,-730.4286262940309,166.08572525880618,[20],[186.08572526]
1110,sku905,2023-08,Croston,-828.1803131103516,185.6360626220703,[20],[205.63606]
1111,sku905,2023-09,ARIMA,32.36903385132331,68.98358547165023,[102],[170.98358547]
1112,sku905,2023-09,SARIMA,96.86503118681921,3.197668189444414,[102],[105.19766819]
1113,sku905,2023-09,Theta,95.61173618429551,4.476029092018578,[102],[106.47602909]
1114,sku905,2023-09,Croston,13.049092012293201,88.68992614746094,[102],[190.68993]
1115,sku905,2023-10,ARIMA,61.5356527514603,81.54441616690417,[212],[130.45558383]
1116,sku905,2023-10,SARIMA,53.25031038958573,99.10934197407826,[212],[112.89065803]
1117,sku905,2023-10,Theta,81.02550368522718,40.22593218731839,[212],[252.22593219]
1118,sku905,2023-10,Croston,81.95771271327757,38.24964904785156,[212],[173.75035]
1119,sku905,2023-11,ARIMA,43.71578560621986,61.34979368922035,[109],[170.34979369]
1120,sku905,2023-11,SARIMA,-45.89720637021105,159.02795494353006,[109],[268.02795494]
1121,sku905,2023-11,Theta,-44.19572031967385,157.1733351484445,[109],[266.17333515]
1122,sku905,2023-11,Croston,47.13365747294295,57.62431335449219,[109],[166.62431]
1123,sku905,2023-12,ARIMA,1.3484024720803518,73.00218217066055,[74],[147.00218217]
1124,sku905,2023-12,SARIMA,47.77872673925883,38.64374221294847,[74],[112.64374221]
1125,sku905,2023-12,Theta,80.84634001034657,14.173708392343542,[74],[88.17370839]
1126,sku905,2023-12,Croston,-31.262124551309114,97.13397216796875,[74],[171.13397]
1127,sku947,2023-07,ARIMA,65.18958888442626,145.15941435194253,[417],[271.84058565]
1128,sku947,2023-07,SARIMA,76.2807839523989,98.90913091849654,[417],[515.90913092]
1129,sku947,2023-07,Theta,65.87192513107277,142.31407220342652,[417],[274.6859278]
1130,sku947,2023-07,Croston,65.4533038608176,144.05972290039062,[417],[272.94028]
1131,sku947,2023-08,ARIMA,49.246607664892124,99.47664897681142,[196],[295.47664898]
1132,sku947,2023-08,SARIMA,80.54517143717281,38.13146398314129,[196],[157.86853602]
1133,sku947,2023-08,Theta,55.04323467891452,88.11526002932754,[196],[284.11526003]
1134,sku947,2023-08,Croston,55.94627224669165,86.34530639648438,[196],[282.3453]
1135,sku947,2023-09,ARIMA,-17.40434296995676,158.49586300944162,[135],[293.49586301]
1136,sku947,2023-09,SARIMA,-12.112153392461849,151.3514070798235,[135],[286.35140708]
1137,sku947,2023-09,Theta,-21.572494412857978,164.12286745735827,[135],[299.12286746]
1138,sku947,2023-09,Croston,-20.223863389756943,162.30221557617188,[135],[297.30222]
1139,sku947,2023-10,ARIMA,48.31632173812949,87.34541626256117,[169],[256.34541626]
1140,sku947,2023-10,SARIMA,46.76785206260207,89.96233001420251,[169],[258.96233001]
1141,sku947,2023-10,Theta,29.518940851112205,119.11298996162037,[169],[288.11298996]
1142,sku947,2023-10,Croston,30.832577316013314,116.8929443359375,[169],[285.89294]
1143,sku947,2023-11,ARIMA,12.042913887036605,117.86249539137094,[134],[251.86249539]
1144,sku947,2023-11,SARIMA,76.17116720675044,31.93063594295441,[134],[165.93063594]
1145,sku947,2023-11,Theta,-3.0240760195451912,138.05226186619058,[134],[272.05226187]
1146,sku947,2023-11,Croston,-1.2845395216301227,135.72128295898438,[134],[269.72128]
1147,sku947,2023-12,ARIMA,95.70589748869392,10.477610127586843,[244],[254.47761013]
1148,sku947,2023-12,SARIMA,42.87648021750008,139.3813882692998,[244],[383.38138827]
1149,sku947,2023-12,Theta,92.9116891039742,17.295478586302977,[244],[261.29547859]
1150,sku947,2023-12,Croston,93.83399838306865,15.0450439453125,[244],[259.04504]
1151,sku949,2023-07,ARIMA,28.53581301567489,73.60811259385486,[103],[176.60811259]
1152,sku949,2023-07,SARIMA,10.981833130153689,91.68871187594169,[103],[194.68871188]
1153,sku949,2023-07,Theta,93.96498541881293,6.216065018622686,[103],[96.78393498]
1154,sku949,2023-07,Croston,87.47429708832676,12.901473999023438,[103],[115.901474]
1155,sku949,2023-08,ARIMA,-221.5278191946059,135.0416840617345,[42],[177.04168406]
1156,sku949,2023-08,SARIMA,96.12373881192984,1.6280296989894651,[42],[40.3719703]
1157,sku949,2023-08,Theta,-34.50323893474433,56.49136035259262,[42],[98.49136035]
1158,sku949,2023-08,Croston,-79.18959118071055,75.25962829589844,[42],[117.25963]
1159,sku949,2023-09,ARIMA,-1548.7516827027569,164.8751682702757,[10],[174.87516827]
1160,sku949,2023-09,SARIMA,15.075152130892135,8.492484786910786,[10],[18.49248479]
1161,sku949,2023-09,Theta,-770.776082008982,87.0776082008982,[10],[97.0776082]
1162,sku949,2023-09,Croston,-955.4331207275391,105.5433120727539,[10],[115.54331]
1163,sku949,2023-10,ARIMA,-1516.0577655961827,161.60577655961828,[10],[171.60577656]
1164,sku949,2023-10,SARIMA,46.836432546635756,5.316356745336424,[10],[15.31635675]
1165,sku949,2023-10,Theta,-685.3557726364274,78.53557726364275,[10],[88.53557726]
1166,sku949,2023-10,Croston,-868.1587219238281,96.81587219238281,[10],[106.81587]
1167,sku949,2023-11,ARIMA,-247.16940844223797,124.98098703920567,[36],[160.98098704]
1168,sku949,2023-11,SARIMA,-99.12891721971573,71.68641019909766,[36],[107.6864102]
1169,sku949,2023-11,Theta,-13.30892077608452,40.79121147939043,[36],[76.79121148]
1170,sku949,2023-11,Croston,-63.520473904079864,58.86737060546875,[36],[94.86737]
1171,sku949,2023-12,ARIMA,-1170.5712568813387,152.46855082576064,[12],[164.46855083]
1172,sku949,2023-12,SARIMA,-603.2933566878003,84.39520280253603,[12],[96.3952028]
1173,sku949,2023-12,Theta,-349.9279102340869,53.99134922809043,[12],[65.99134923]
1174,sku949,2023-12,Croston,-498.66981506347656,71.84037780761719,[12],[83.84038]
