MaterialNumber,Actual,Predicted,RMSE,WindowSize
AB,[117],-225.26626218041145,694.8313435374425,24
AB,[45],112.78059335372777,694.8313435374425,24
AB,[37],-59.99624570414937,694.8313435374425,24
AB,[69],28.319700275308858,694.8313435374425,24
AB,[24],-16.814417007572946,694.8313435374425,24
AB,[433],6.260601420101474,694.8313435374425,24
AB,[325],-5.527527841516207,694.8313435374425,24
AB,[249],0.5036190197660779,694.8313435374425,24
AB,[335],69.84338585163707,694.8313435374425,24
AB,[601],830.3838445464968,694.8313435374425,24
AB,[870],300.0965088983771,694.8313435374425,24
AB,[795],-213.23705708258842,694.8313435374425,24
AB,[141],104.48064065375488,694.8313435374425,24
AB,[83],-57.900003075059004,694.8313435374425,24
AB,[49],25.10774579335553,694.8313435374425,24
AB,[84],-17.307735467412183,694.8313435374425,24
AB,[81],4.383220545419216,694.8313435374425,24
AB,[2229],-6.692009252838993,694.8313435374425,24
AB,[940],-1.019778602140762,694.8313435374425,24
AB,[401],68.5088856481068,694.8313435374425,24
AB,[559],828.9582286140221,694.8313435374425,24
AB,[911],298.72288391004116,694.8313435374425,24
AB,[1529],-214.631849912328,694.8313435374425,24
AB,[442],103.1020590855636,694.8313435374425,24
AB,[325],129.39458121362424,660.6396600634835,18
AB,[249],116.50112829368699,660.6396600634835,18
AB,[335],184.38003797213668,660.6396600634835,18
AB,[601],918.2180862142454,660.6396600634835,18
AB,[870],395.4832216666989,660.6396600634835,18
AB,[795],199.70392581942457,660.6396600634835,18
AB,[141],129.20026813255754,660.6396600634835,18
AB,[83],115.49164035122054,660.6396600634835,18
AB,[49],140.89773535859428,660.6396600634835,18
AB,[84],94.15097582638998,660.6396600634835,18
AB,[81],467.2092783464184,660.6396600634835,18
AB,[2229],182.9516559283399,660.6396600634835,18
AB,[940],167.52164844984594,660.6396600634835,18
AB,[401],231.80352116678574,660.6396600634835,18
AB,[559],963.1940433904376,660.6396600634835,18
AB,[911],437.4411791540953,660.6396600634835,18
AB,[1529],239.3775279161958,660.6396600634835,18
AB,[442],166.30230740798132,660.6396600634835,18
AB,[141],539.417419352293,620.1252025897456,12
AB,[83],459.22565784321705,620.1252025897456,12
AB,[49],459.46400289633857,620.1252025897456,12
AB,[84],435.5040077704469,620.1252025897456,12
AB,[81],601.3123689195546,620.1252025897456,12
AB,[2229],552.3100734670056,620.1252025897456,12
AB,[940],516.7398499056981,620.1252025897456,12
AB,[401],567.3132211386146,620.1252025897456,12
AB,[559],870.0155482031256,620.1252025897456,12
AB,[911],840.9826781279972,620.1252025897456,12
AB,[1529],756.3536474644701,620.1252025897456,12
AB,[442],628.8326951699739,620.1252025897456,12
AB,[940],230.63493239005945,383.16019550563476,6
AB,[401],435.8357619321543,383.16019550563476,6
AB,[559],820.0391582364973,383.16019550563476,6
AB,[911],1053.7926230174455,383.16019550563476,6
AB,[1529],993.1784582312993,383.16019550563476,6
AB,[442],413.32626427478544,383.16019550563476,6
AB,[911],969.1285228254953,225.022919827565,3
AB,[1529],1215.1530681581278,225.022919827565,3
AB,[442],218.3325648407052,225.022919827565,3
AB,[442],280.8338969454594,161.1661030545406,1
ABC,[190],-205.79776063432496,834.7180376991297,24
ABC,[26],-493.2595156777623,834.7180376991297,24
ABC,[65],-497.7072088036264,834.7180376991297,24
ABC,[15],-308.4224648271974,834.7180376991297,24
ABC,[7],-60.27716141446882,834.7180376991297,24
ABC,[985],132.19672665631848,834.7180376991297,24
ABC,[346],211.7678833244513,834.7180376991297,24
ABC,[329],182.0649390181881,834.7180376991297,24
ABC,[375],113.04882682620928,834.7180376991297,24
ABC,[723],88.44214801835756,834.7180376991297,24
ABC,[936],5.91806331139253,834.7180376991297,24
ABC,[579],-112.4001629693986,834.7180376991297,24
ABC,[149],-134.81717491763322,834.7180376991297,24
ABC,[58],-97.67398648047424,834.7180376991297,24
ABC,[76],-33.62630134738794,834.7180376991297,24
ABC,[58],24.631078168705585,834.7180376991297,24
ABC,[159],56.340135690617984,834.7180376991297,24
ABC,[2316],56.42842064352459,834.7180376991297,24
ABC,[1080],32.59180931872129,834.7180376991297,24
ABC,[600],24.825728978373547,834.7180376991297,24
ABC,[1227],75.3915646425384,834.7180376991297,24
ABC,[1516],48.62967767330605,834.7180376991297,24
ABC,[1569],-48.40523775343362,834.7180376991297,24
ABC,[648],-80.97811200775465,834.7180376991297,24
ABC,[346],890.3964612624031,520.6972843505035,18
ABC,[329],259.8167946667826,520.6972843505035,18
ABC,[375],406.40201699903196,520.6972843505035,18
ABC,[723],825.1510407003191,520.6972843505035,18
ABC,[936],704.6167957179762,520.6972843505035,18
ABC,[579],436.6013925239976,520.6972843505035,18
ABC,[149],286.17478815232727,520.6972843505035,18
ABC,[58],315.1515243671624,520.6972843505035,18
ABC,[76],265.6378994441288,520.6972843505035,18
ABC,[58],253.3294968634728,520.6972843505035,18
ABC,[159],1111.9558860850684,520.6972843505035,18
ABC,[2316],1023.375614145764,520.6972843505035,18
ABC,[1080],461.5307207701023,520.6972843505035,18
ABC,[600],599.9968910449267,520.6972843505035,18
ABC,[1227],1014.9402803835553,520.6972843505035,18
ABC,[1516],890.4516949176864,520.6972843505035,18
ABC,[1569],618.576610173848,520.6972843505035,18
ABC,[648],464.3698133514713,520.6972843505035,18
ABC,[149],412.52896925032303,663.3121829231309,12
ABC,[58],325.2172888650139,663.3121829231309,12
ABC,[76],366.46647828395385,663.3121829231309,12
ABC,[58],285.2556152640858,663.3121829231309,12
ABC,[159],1252.2154158594185,663.3121829231309,12
ABC,[2316],608.6594773784723,663.3121829231309,12
ABC,[1080],620.4562095353733,663.3121829231309,12
ABC,[600],644.1288617509492,663.3121829231309,12
ABC,[1227],1013.4743674682303,663.3121829231309,12
ABC,[1516],1188.3069644158406,663.3121829231309,12
ABC,[1569],843.4976502016378,663.3121829231309,12
ABC,[648],666.4146425183212,663.3121829231309,12
ABC,[1080],-523.7940979854229,921.4499843475201,6
ABC,[600],1307.8191732722337,921.4499843475201,6
ABC,[1227],335.50848347845874,921.4499843475201,6
ABC,[1516],1517.0506963927146,921.4499843475201,6
ABC,[1569],470.03114522051476,921.4499843475201,6
ABC,[648],511.0102946514444,921.4499843475201,6
ABC,[1516],1131.6378963693876,470.0969426688515,3
ABC,[1569],872.6529524057273,470.0969426688515,3
ABC,[648],473.81627768590306,470.0969426688515,3
ABC,[648],666.1611337270118,18.161133727011816,1
ABCD,[65],-807.565430127433,1374.3316418164309,24
ABCD,[33],-771.7192765959197,1374.3316418164309,24
ABCD,[57],482.5318422334024,1374.3316418164309,24
ABCD,[36],942.237746070868,1374.3316418164309,24
ABCD,[3],-98.58069870961909,1374.3316418164309,24
ABCD,[1220],-956.969517609952,1374.3316418164309,24
ABCD,[629],-281.341310048312,1374.3316418164309,24
ABCD,[625],821.4956142417268,1374.3316418164309,24
ABCD,[606],915.7572165019283,1374.3316418164309,24
ABCD,[883],256.70686231168247,1374.3316418164309,24
ABCD,[922],-451.57916759030627,1374.3316418164309,24
ABCD,[668],-579.3215307550774,1374.3316418164309,24
ABCD,[180],100.7017834063671,1374.3316418164309,24
ABCD,[37],604.1895987717345,1374.3316418164309,24
ABCD,[65],140.15031535580135,1374.3316418164309,24
ABCD,[42],-533.4366349682659,1374.3316418164309,24
ABCD,[83],-346.92798745214975,1374.3316418164309,24
ABCD,[4822],382.9507324596197,1374.3316418164309,24
ABCD,[1460],489.0604701349839,1374.3316418164309,24
ABCD,[809],137.38683025877413,1374.3316418164309,24
ABCD,[1436],273.66077538067736,1374.3316418164309,24
ABCD,[2003],313.53133390294636,1374.3316418164309,24
ABCD,[2018],-294.1077361323202,1374.3316418164309,24
ABCD,[836],-532.324072583437,1374.3316418164309,24
ABCD,[629],1159.7863947737274,976.6823046775464,18
ABCD,[625],340.36817464390583,976.6823046775464,18
ABCD,[606],695.4714227197958,976.6823046775464,18
ABCD,[883],1161.9717332630614,976.6823046775464,18
ABCD,[922],725.2308932624278,976.6823046775464,18
ABCD,[668],455.428290394652,976.6823046775464,18
ABCD,[180],425.2539418372438,976.6823046775464,18
ABCD,[37],447.69732397255774,976.6823046775464,18
ABCD,[65],427.85748268926704,976.6823046775464,18
ABCD,[42],396.74209826836443,976.6823046775464,18
ABCD,[83],1540.1647046100893,976.6823046775464,18
ABCD,[4822],1483.4786495521848,976.6823046775464,18
ABCD,[1460],713.4209116530064,976.6823046775464,18
ABCD,[809],1064.904387205694,976.6823046775464,18
ABCD,[1436],1531.5541056626741,976.6823046775464,18
ABCD,[2003],1094.694553950991,976.6823046775464,18
ABCD,[2018],824.7923435980595,976.6823046775464,18
ABCD,[836],794.5170579335283,976.6823046775464,18
ABCD,[180],644.1899524489961,1292.8282862663132,12
ABCD,[37],513.4740439995995,1292.8282862663132,12
ABCD,[65],605.0299645964703,1292.8282862663132,12
ABCD,[42],490.68250311527936,1292.8282862663132,12
ABCD,[83],1349.7629672392507,1292.8282862663132,12
ABCD,[4822],903.8186032519259,1292.8282862663132,12
ABCD,[1460],938.457383557522,1292.8282862663132,12
ABCD,[809],958.7436599990966,1292.8282862663132,12
ABCD,[1436],1274.4325406809467,1292.8282862663132,12
ABCD,[2003],1168.7530370856666,1292.8282862663132,12
ABCD,[2018],948.9522296976912,1292.8282862663132,12
ABCD,[836],908.1986407192353,1292.8282862663132,12
ABCD,[1460],-2391.6080323998854,3600.8154217688916,6
ABCD,[809],4296.921224232524,3600.8154217688916,6
ABCD,[1436],-2469.6433436274096,3600.8154217688916,6
ABCD,[2003],4702.770838637365,3600.8154217688916,6
ABCD,[2018],-2371.165862364967,3600.8154217688916,6
ABCD,[836],3833.8595417506253,3600.8154217688916,6
ABCD,[2003],1103.543966787711,1118.5626485567236,3
ABCD,[2018],427.4263073651898,1118.5626485567236,3
ABCD,[836],192.1045357709258,1118.5626485567236,3
ABCD,[836],792.7854492475899,43.214550752410105,1
ABCDE,[171],410.04332419971126,324.76175823345125,24
ABCDE,[45],116.32595578031818,324.76175823345125,24
ABCDE,[56],22.173232097974736,324.76175823345125,24
ABCDE,[27],213.42197985259202,324.76175823345125,24
ABCDE,[38],616.7020999703183,324.76175823345125,24
ABCDE,[1401],374.3566863280526,324.76175823345125,24
ABCDE,[491],494.669010901771,324.76175823345125,24
ABCDE,[279],390.2198256715512,324.76175823345125,24
ABCDE,[338],402.3858196119073,324.76175823345125,24
ABCDE,[458],386.5078557299826,324.76175823345125,24
ABCDE,[608],356.44090865687275,324.76175823345125,24
ABCDE,[548],248.06673588665282,324.76175823345125,24
ABCDE,[67],71.02157480918655,324.76175823345125,24
ABCDE,[42],34.14471868596336,324.76175823345125,24
ABCDE,[45],211.86359105998687,324.76175823345125,24
ABCDE,[11],616.7943136309766,324.76175823345125,24
ABCDE,[25],374.36671437369745,324.76175823345125,24
ABCDE,[932],494.66533431761934,324.76175823345125,24
ABCDE,[544],390.2203750524191,324.76175823345125,24
ABCDE,[287],402.3857771984069,324.76175823345125,24
ABCDE,[225],386.50785416707134,324.76175823345125,24
ABCDE,[440],356.4409097407169,324.76175823345125,24
ABCDE,[521],248.06673569931516,324.76175823345125,24
ABCDE,[200],71.02157482674384,324.76175823345125,24
ABCDE,[491],1250.7105768994059,374.79081287379415,18
ABCDE,[279],348.8786973648833,374.79081287379415,18
ABCDE,[338],247.55251616268362,374.79081287379415,18
ABCDE,[458],652.2184945125522,374.79081287379415,18
ABCDE,[608],368.8505013250784,374.79081287379415,18
ABCDE,[548],179.1859388948336,374.79081287379415,18
ABCDE,[67],45.01788429183156,374.79081287379415,18
ABCDE,[42],29.03345115311714,374.79081287379415,18
ABCDE,[45],67.84839984705317,374.79081287379415,18
ABCDE,[11],156.8854628782492,374.79081287379415,18
ABCDE,[25],1177.4506844955313,374.79081287379415,18
ABCDE,[932],1098.6958431533703,374.79081287379415,18
ABCDE,[544],360.6783269704664,374.79081287379415,18
ABCDE,[287],291.2231720871856,374.79081287379415,18
ABCDE,[225],607.6034503100175,374.79081287379415,18
ABCDE,[440],394.4221898394469,374.79081287379415,18
ABCDE,[521],171.56104152210912,374.79081287379415,18
ABCDE,[200],42.88646555034376,374.79081287379415,18
ABCDE,[67],-72.33698196295545,420.3285412071006,12
ABCDE,[42],21.27950863045337,420.3285412071006,12
ABCDE,[45],140.9397096365993,420.3285412071006,12
ABCDE,[11],15.291287260512,420.3285412071006,12
ABCDE,[25],1318.0601687390094,420.3285412071006,12
ABCDE,[932],471.01146598877517,420.3285412071006,12
ABCDE,[544],301.4509367844676,420.3285412071006,12
ABCDE,[287],375.76790330604695,420.3285412071006,12
ABCDE,[225],433.2778838983654,420.3285412071006,12
ABCDE,[440],614.6091056329343,420.3285412071006,12
ABCDE,[521],470.1479626115743,420.3285412071006,12
ABCDE,[200],-51.72852582077,420.3285412071006,12
ABCDE,[544],485.7323735009145,133.84238671254795,6
ABCDE,[287],290.21369024433164,133.84238671254795,6
ABCDE,[225],454.9258173217267,133.84238671254795,6
ABCDE,[440],508.7624018969019,133.84238671254795,6
ABCDE,[521],339.4058367878274,133.84238671254795,6
ABCDE,[200],83.78178591881701,133.84238671254795,6
ABCDE,[440],428.77003690546223,117.13652321318231,3
ABCDE,[521],368.67570514413376,117.13652321318231,3
ABCDE,[200],66.45565404340157,117.13652321318231,3
ABCDE,[200],121.78326765320122,78.21673234679878,1
ABCDEF,[83],48.97894184430222,282.1745197612629,24
ABCDEF,[50],14.391593195291549,282.1745197612629,24
ABCDEF,[37],54.015867235013864,282.1745197612629,24
ABCDEF,[14],174.38505961565144,282.1745197612629,24
ABCDEF,[5],437.50765200718627,282.1745197612629,24
ABCDEF,[1382],419.3335447989215,282.1745197612629,24
ABCDEF,[479],516.7682278692831,282.1745197612629,24
ABCDEF,[438],449.8150588520025,282.1745197612629,24
ABCDEF,[344],459.7225310730764,282.1745197612629,24
ABCDEF,[229],388.81990897901665,282.1745197612629,24
ABCDEF,[278],179.8790251802063,282.1745197612629,24
ABCDEF,[209],40.700705102422006,282.1745197612629,24
ABCDEF,[88],29.59748103773204,282.1745197612629,24
ABCDEF,[17],55.192502880874414,282.1745197612629,24
ABCDEF,[17],175.32036446472458,282.1745197612629,24
ABCDEF,[5],437.66984233088033,282.1745197612629,24
ABCDEF,[10],419.40062991818706,282.1745197612629,24
ABCDEF,[796],516.784005777773,282.1745197612629,24
ABCDEF,[458],449.8203114975297,282.1745197612629,24
ABCDEF,[197],459.72393047976,282.1745197612629,24
ABCDEF,[131],388.8203377015595,282.1745197612629,24
ABCDEF,[352],179.87914534643218,282.1745197612629,24
ABCDEF,[280],40.70074072747633,282.1745197612629,24
ABCDEF,[101],29.59749122983286,282.1745197612629,24
ABCDEF,[479],1337.6297664147296,428.1610928958432,18
ABCDEF,[438],698.6894902472333,428.1610928958432,18
ABCDEF,[344],634.7960480957704,428.1610928958432,18
ABCDEF,[229],553.9473405808305,428.1610928958432,18
ABCDEF,[278],308.46789614404594,428.1610928958432,18
ABCDEF,[209],143.60820701163095,428.1610928958432,18
ABCDEF,[88],123.82275894950659,428.1610928958432,18
ABCDEF,[17],108.99733586859561,428.1610928958432,18
ABCDEF,[17],110.13199157624925,428.1610928958432,18
ABCDEF,[5],175.65636100697978,428.1610928958432,18
ABCDEF,[10],1239.040461969817,428.1610928958432,18
ABCDEF,[796],1238.2339766589919,428.1610928958432,18
ABCDEF,[458],720.9056898153322,428.1610928958432,18
ABCDEF,[197],683.0980354918785,428.1610928958432,18
ABCDEF,[131],607.8164307176623,428.1610928958432,18
ABCDEF,[352],363.49677256159197,428.1610928958432,18
ABCDEF,[280],198.85022239369908,428.1610928958432,18
ABCDEF,[101],179.0746063433374,428.1610928958432,18
ABCDEF,[88],81.27167146135614,342.9302064519933,12
ABCDEF,[17],79.12883399539146,342.9302064519933,12
ABCDEF,[17],44.13402600153389,342.9302064519933,12
ABCDEF,[5],144.1508794644259,342.9302064519933,12
ABCDEF,[10],1116.9779213864847,342.9302064519933,12
ABCDEF,[796],521.693578860105,342.9302064519933,12
ABCDEF,[458],437.84383685928384,342.9302064519933,12
ABCDEF,[197],403.76696818240845,342.9302064519933,12
ABCDEF,[131],281.7886256197986,342.9302064519933,12
ABCDEF,[352],273.2108957399907,342.9302064519933,12
ABCDEF,[280],161.29402874059144,342.9302064519933,12
ABCDEF,[101],81.76431476414163,342.9302064519933,12
ABCDEF,[458],584.4883185059407,166.5490061727597,6
ABCDEF,[197],465.0568258870346,166.5490061727597,6
ABCDEF,[131],373.5695079502692,166.5490061727597,6
ABCDEF,[352],290.30313390279554,166.5490061727597,6
ABCDEF,[280],241.57164787682802,166.5490061727597,6
ABCDEF,[101],221.22672082094226,166.5490061727597,6
ABCDEF,[352],136.89616387908475,153.2067463364686,3
ABCDEF,[280],126.00188319899195,153.2067463364686,3
ABCDEF,[101],121.78078624187802,153.2067463364686,3
ABCDEF,[101],231.66357209373004,130.66357209373004,1
ABCDEFG,[35],253.92403092773094,498.710868812323,24
ABCDEFG,[18],265.3156741862728,498.710868812323,24
ABCDEFG,[7],313.0673646242771,498.710868812323,24
ABCDEFG,[9],455.63505117791476,498.710868812323,24
ABCDEFG,[2],523.0935630069658,498.710868812323,24
ABCDEFG,[2335],556.6832421021728,498.710868812323,24
ABCDEFG,[802],644.5307857888621,498.710868812323,24
ABCDEFG,[387],610.8674215749519,498.710868812323,24
ABCDEFG,[318],527.181921625168,498.710868812323,24
ABCDEFG,[167],425.9715450172758,498.710868812323,24
ABCDEFG,[128],346.40039185638216,498.710868812323,24
ABCDEFG,[84],344.97761684568684,498.710868812323,24
ABCDEFG,[34],343.6814821255419,498.710868812323,24
ABCDEFG,[11],386.9347694919709,498.710868812323,24
ABCDEFG,[13],527.9025934488169,498.710868812323,24
ABCDEFG,[1],594.7871504924537,498.710868812323,24
ABCDEFG,[3],628.16598487583,498.710868812323,24
ABCDEFG,[714],715.9312039536551,498.710868812323,24
ABCDEFG,[476],682.2310046933552,498.710868812323,24
ABCDEFG,[167],598.5247715127343,498.710868812323,24
ABCDEFG,[67],497.29936201950164,498.710868812323,24
ABCDEFG,[231],417.71519483260994,498.710868812323,24
ABCDEFG,[216],416.2801216335059,498.710868812323,24
ABCDEFG,[104],414.9719433721074,498.710868812323,24
ABCDEFG,[802],1531.4945553063596,812.908848167567,18
ABCDEFG,[387],1120.07922979994,812.908848167567,18
ABCDEFG,[318],1070.536759732156,812.908848167567,18
ABCDEFG,[167],661.3472669655814,812.908848167567,18
ABCDEFG,[128],381.0141282574413,812.908848167567,18
ABCDEFG,[84],102.75496663605603,812.908848167567,18
ABCDEFG,[34],83.8240008009329,812.908848167567,18
ABCDEFG,[11],82.2561433218333,812.908848167567,18
ABCDEFG,[13],104.82255976402944,812.908848167567,18
ABCDEFG,[1],26.408452024505266,812.908848167567,18
ABCDEFG,[3],2629.8828255470125,812.908848167567,18
ABCDEFG,[714],1705.6207357578987,812.908848167567,18
ABCDEFG,[476],1223.4804033305863,812.908848167567,18
ABCDEFG,[167],1155.9864947015765,812.908848167567,18
ABCDEFG,[67],742.0628779991525,812.908848167567,18
ABCDEFG,[231],460.30665016016707,812.908848167567,18
ABCDEFG,[216],181.45454980634779,812.908848167567,18
ABCDEFG,[104],162.13949119350502,812.908848167567,18
ABCDEFG,[34],39.46916106865838,700.3853407401693,12
ABCDEFG,[11],13.073637179186559,700.3853407401693,12
ABCDEFG,[13],13.174077171727921,700.3853407401693,12
ABCDEFG,[1],-13.79556693204053,700.3853407401693,12
ABCDEFG,[3],2413.9655045122895,700.3853407401693,12
ABCDEFG,[714],796.5132032920317,700.3853407401693,12
ABCDEFG,[476],358.7963904256429,700.3853407401693,12
ABCDEFG,[167],283.9776469940514,700.3853407401693,12
ABCDEFG,[67],144.98835129835922,700.3853407401693,12
ABCDEFG,[231],119.0688487303643,700.3853407401693,12
ABCDEFG,[216],86.99747942089516,700.3853407401693,12
ABCDEFG,[104],40.86212745704518,700.3853407401693,12
ABCDEFG,[476],435.1918069566906,132.8157179916786,6
ABCDEFG,[167],364.4640922673998,132.8157179916786,6
ABCDEFG,[67],213.44546053818812,132.8157179916786,6
ABCDEFG,[231],116.90606687431178,132.8157179916786,6
ABCDEFG,[216],55.228284562982374,132.8157179916786,6
ABCDEFG,[104],34.2040807315355,132.8157179916786,6
ABCDEFG,[231],146.7650432136113,66.68231781840367,3
ABCDEFG,[216],150.3113605898186,66.68231781840367,3
ABCDEFG,[104],147.92117071001388,66.68231781840367,3
ABCDEFG,[104],165.92304398349418,61.92304398349418,1
ABCDEFGH,[0],0.0,528.7323283098925,24
ABCDEFGH,[0],0.0,528.7323283098925,24
ABCDEFGH,[0],0.0,528.7323283098925,24
ABCDEFGH,[0],0.0,528.7323283098925,24
ABCDEFGH,[0],0.0,528.7323283098925,24
ABCDEFGH,[0],0.0,528.7323283098925,24
ABCDEFGH,[0],0.0,528.7323283098925,24
ABCDEFGH,[0],0.0,528.7323283098925,24
ABCDEFGH,[0],0.0,528.7323283098925,24
ABCDEFGH,[0],0.0,528.7323283098925,24
ABCDEFGH,[0],0.0,528.7323283098925,24
ABCDEFGH,[0],0.0,528.7323283098925,24
ABCDEFGH,[0],0.0,528.7323283098925,24
ABCDEFGH,[0],0.0,528.7323283098925,24
ABCDEFGH,[0],0.0,528.7323283098925,24
ABCDEFGH,[0],0.0,528.7323283098925,24
ABCDEFGH,[0],0.0,528.7323283098925,24
ABCDEFGH,[2235],0.0,528.7323283098925,24
ABCDEFGH,[803],0.0,528.7323283098925,24
ABCDEFGH,[353],0.0,528.7323283098925,24
ABCDEFGH,[320],0.0,528.7323283098925,24
ABCDEFGH,[599],0.0,528.7323283098925,24
ABCDEFGH,[676],0.0,528.7323283098925,24
ABCDEFGH,[163],0.0,528.7323283098925,24
ABCDEFGH,[0],0.0,610.5275041579481,18
ABCDEFGH,[0],0.0,610.5275041579481,18
ABCDEFGH,[0],0.0,610.5275041579481,18
ABCDEFGH,[0],0.0,610.5275041579481,18
ABCDEFGH,[0],0.0,610.5275041579481,18
ABCDEFGH,[0],0.0,610.5275041579481,18
ABCDEFGH,[0],0.0,610.5275041579481,18
ABCDEFGH,[0],0.0,610.5275041579481,18
ABCDEFGH,[0],0.0,610.5275041579481,18
ABCDEFGH,[0],0.0,610.5275041579481,18
ABCDEFGH,[0],0.0,610.5275041579481,18
ABCDEFGH,[2235],0.0,610.5275041579481,18
ABCDEFGH,[803],0.0,610.5275041579481,18
ABCDEFGH,[353],0.0,610.5275041579481,18
ABCDEFGH,[320],0.0,610.5275041579481,18
ABCDEFGH,[599],0.0,610.5275041579481,18
ABCDEFGH,[676],0.0,610.5275041579481,18
ABCDEFGH,[163],0.0,610.5275041579481,18
ABCDEFGH,[0],0.0,747.740429560954,12
ABCDEFGH,[0],0.0,747.740429560954,12
ABCDEFGH,[0],0.0,747.740429560954,12
ABCDEFGH,[0],0.0,747.740429560954,12
ABCDEFGH,[0],0.0,747.740429560954,12
ABCDEFGH,[2235],0.0,747.740429560954,12
ABCDEFGH,[803],0.0,747.740429560954,12
ABCDEFGH,[353],0.0,747.740429560954,12
ABCDEFGH,[320],0.0,747.740429560954,12
ABCDEFGH,[599],0.0,747.740429560954,12
ABCDEFGH,[676],0.0,747.740429560954,12
ABCDEFGH,[163],0.0,747.740429560954,12
ABCDEFGH,[803],1.6310853337988485e-25,534.503507939845,6
ABCDEFGH,[353],1.978845058393755e-25,534.503507939845,6
ABCDEFGH,[320],3.5244168756409685e-23,534.503507939845,6
ABCDEFGH,[599],2.5295046170051818e-23,534.503507939845,6
ABCDEFGH,[676],7.624346449442222e-21,534.503507939845,6
ABCDEFGH,[163],1.6773075591388576e-21,534.503507939845,6
ABCDEFGH,[599],144.24542904489383,418.59064453343876,3
ABCDEFGH,[676],121.24117129316924,418.59064453343876,3
ABCDEFGH,[163],57.66574517270453,418.59064453343876,3
ABCDEFGH,[163],488.2461049257979,325.2461049257979,1
ABCDEFGHI,[0],0.0,279.9715759382251,24
ABCDEFGHI,[0],0.0,279.9715759382251,24
ABCDEFGHI,[0],0.0,279.9715759382251,24
ABCDEFGHI,[0],0.0,279.9715759382251,24
ABCDEFGHI,[0],0.0,279.9715759382251,24
ABCDEFGHI,[0],0.0,279.9715759382251,24
ABCDEFGHI,[0],0.0,279.9715759382251,24
ABCDEFGHI,[0],0.0,279.9715759382251,24
ABCDEFGHI,[0],0.0,279.9715759382251,24
ABCDEFGHI,[0],0.0,279.9715759382251,24
ABCDEFGHI,[0],0.0,279.9715759382251,24
ABCDEFGHI,[0],0.0,279.9715759382251,24
ABCDEFGHI,[0],0.0,279.9715759382251,24
ABCDEFGHI,[0],0.0,279.9715759382251,24
ABCDEFGHI,[0],0.0,279.9715759382251,24
ABCDEFGHI,[0],0.0,279.9715759382251,24
ABCDEFGHI,[0],0.0,279.9715759382251,24
ABCDEFGHI,[1046],0.0,279.9715759382251,24
ABCDEFGHI,[384],0.0,279.9715759382251,24
ABCDEFGHI,[265],0.0,279.9715759382251,24
ABCDEFGHI,[288],0.0,279.9715759382251,24
ABCDEFGHI,[518],0.0,279.9715759382251,24
ABCDEFGHI,[443],0.0,279.9715759382251,24
ABCDEFGHI,[148],0.0,279.9715759382251,24
ABCDEFGHI,[0],0.0,323.283329466756,18
ABCDEFGHI,[0],0.0,323.283329466756,18
ABCDEFGHI,[0],0.0,323.283329466756,18
ABCDEFGHI,[0],0.0,323.283329466756,18
ABCDEFGHI,[0],0.0,323.283329466756,18
ABCDEFGHI,[0],0.0,323.283329466756,18
ABCDEFGHI,[0],0.0,323.283329466756,18
ABCDEFGHI,[0],0.0,323.283329466756,18
ABCDEFGHI,[0],0.0,323.283329466756,18
ABCDEFGHI,[0],0.0,323.283329466756,18
ABCDEFGHI,[0],0.0,323.283329466756,18
ABCDEFGHI,[1046],0.0,323.283329466756,18
ABCDEFGHI,[384],0.0,323.283329466756,18
ABCDEFGHI,[265],0.0,323.283329466756,18
ABCDEFGHI,[288],0.0,323.283329466756,18
ABCDEFGHI,[518],0.0,323.283329466756,18
ABCDEFGHI,[443],0.0,323.283329466756,18
ABCDEFGHI,[148],0.0,323.283329466756,18
ABCDEFGHI,[0],0.0,395.9395997708068,12
ABCDEFGHI,[0],0.0,395.9395997708068,12
ABCDEFGHI,[0],0.0,395.9395997708068,12
ABCDEFGHI,[0],0.0,395.9395997708068,12
ABCDEFGHI,[0],0.0,395.9395997708068,12
ABCDEFGHI,[1046],0.0,395.9395997708068,12
ABCDEFGHI,[384],0.0,395.9395997708068,12
ABCDEFGHI,[265],0.0,395.9395997708068,12
ABCDEFGHI,[288],0.0,395.9395997708068,12
ABCDEFGHI,[518],0.0,395.9395997708068,12
ABCDEFGHI,[443],0.0,395.9395997708068,12
ABCDEFGHI,[148],0.0,395.9395997708068,12
ABCDEFGHI,[384],-2.2204460492637193e-16,362.19285838716735,6
ABCDEFGHI,[265],-2.244233787037505e-19,362.19285838716735,6
ABCDEFGHI,[288],-4.509458969497836e-19,362.19285838716735,6
ABCDEFGHI,[518],-9.126548429243566e-22,362.19285838716735,6
ABCDEFGHI,[443],-1.240145592477445e-21,362.19285838716735,6
ABCDEFGHI,[148],-4.975423994914328e-22,362.19285838716735,6
ABCDEFGHI,[518],187.3678639030003,241.53804838729482,3
ABCDEFGHI,[443],187.34647937408795,241.53804838729482,3
ABCDEFGHI,[148],129.41090567722728,241.53804838729482,3
ABCDEFGHI,[148],375.84479985418227,227.84479985418227,1
ABCDEFGHIJ,[0],0.0,300.36463950782667,24
ABCDEFGHIJ,[0],0.0,300.36463950782667,24
ABCDEFGHIJ,[0],0.0,300.36463950782667,24
ABCDEFGHIJ,[0],0.0,300.36463950782667,24
ABCDEFGHIJ,[0],0.0,300.36463950782667,24
ABCDEFGHIJ,[0],0.0,300.36463950782667,24
ABCDEFGHIJ,[0],0.0,300.36463950782667,24
ABCDEFGHIJ,[0],0.0,300.36463950782667,24
ABCDEFGHIJ,[0],0.0,300.36463950782667,24
ABCDEFGHIJ,[0],0.0,300.36463950782667,24
ABCDEFGHIJ,[0],0.0,300.36463950782667,24
ABCDEFGHIJ,[0],0.0,300.36463950782667,24
ABCDEFGHIJ,[0],0.0,300.36463950782667,24
ABCDEFGHIJ,[0],0.0,300.36463950782667,24
ABCDEFGHIJ,[0],0.0,300.36463950782667,24
ABCDEFGHIJ,[0],0.0,300.36463950782667,24
ABCDEFGHIJ,[0],0.0,300.36463950782667,24
ABCDEFGHIJ,[939],0.0,300.36463950782667,24
ABCDEFGHIJ,[633],0.0,300.36463950782667,24
ABCDEFGHIJ,[337],0.0,300.36463950782667,24
ABCDEFGHIJ,[339],0.0,300.36463950782667,24
ABCDEFGHIJ,[511],0.0,300.36463950782667,24
ABCDEFGHIJ,[572],0.0,300.36463950782667,24
ABCDEFGHIJ,[257],0.0,300.36463950782667,24
ABCDEFGHIJ,[0],0.0,346.83121094977724,18
ABCDEFGHIJ,[0],0.0,346.83121094977724,18
ABCDEFGHIJ,[0],0.0,346.83121094977724,18
ABCDEFGHIJ,[0],0.0,346.83121094977724,18
ABCDEFGHIJ,[0],0.0,346.83121094977724,18
ABCDEFGHIJ,[0],0.0,346.83121094977724,18
ABCDEFGHIJ,[0],0.0,346.83121094977724,18
ABCDEFGHIJ,[0],0.0,346.83121094977724,18
ABCDEFGHIJ,[0],0.0,346.83121094977724,18
ABCDEFGHIJ,[0],0.0,346.83121094977724,18
ABCDEFGHIJ,[0],0.0,346.83121094977724,18
ABCDEFGHIJ,[939],0.0,346.83121094977724,18
ABCDEFGHIJ,[633],0.0,346.83121094977724,18
ABCDEFGHIJ,[337],0.0,346.83121094977724,18
ABCDEFGHIJ,[339],0.0,346.83121094977724,18
ABCDEFGHIJ,[511],0.0,346.83121094977724,18
ABCDEFGHIJ,[572],0.0,346.83121094977724,18
ABCDEFGHIJ,[257],0.0,346.83121094977724,18
ABCDEFGHIJ,[0],0.0,424.77974684927403,12
ABCDEFGHIJ,[0],0.0,424.77974684927403,12
ABCDEFGHIJ,[0],0.0,424.77974684927403,12
ABCDEFGHIJ,[0],0.0,424.77974684927403,12
ABCDEFGHIJ,[0],0.0,424.77974684927403,12
ABCDEFGHIJ,[939],0.0,424.77974684927403,12
ABCDEFGHIJ,[633],0.0,424.77974684927403,12
ABCDEFGHIJ,[337],0.0,424.77974684927403,12
ABCDEFGHIJ,[339],0.0,424.77974684927403,12
ABCDEFGHIJ,[511],0.0,424.77974684927403,12
ABCDEFGHIJ,[572],0.0,424.77974684927403,12
ABCDEFGHIJ,[257],0.0,424.77974684927403,12
ABCDEFGHIJ,[633],1.1102230246229243e-16,462.517206887124,6
ABCDEFGHIJ,[337],9.230846634309698e-20,462.517206887124,6
ABCDEFGHIJ,[339],1.852220424472331e-19,462.517206887124,6
ABCDEFGHIJ,[511],3.076939514848523e-22,462.517206887124,6
ABCDEFGHIJ,[572],2.2914646567597518e-22,462.517206887124,6
ABCDEFGHIJ,[257],-1.0612142710199729e-22,462.517206887124,6
ABCDEFGHIJ,[511],213.15486394472913,294.3371753620376,3
ABCDEFGHIJ,[572],180.02143528817044,294.3371753620376,3
ABCDEFGHIJ,[257],124.5454865435689,294.3371753620376,3
ABCDEFGHIJ,[257],485.4199511136833,228.41995111368328,1
ABCDEFGHIJK,[76],93.50135249737306,531.2419362994491,24
ABCDEFGHIJK,[66],247.63523017164928,531.2419362994491,24
ABCDEFGHIJK,[102],398.9115328675626,531.2419362994491,24
ABCDEFGHIJK,[45],588.5134004798249,531.2419362994491,24
ABCDEFGHIJK,[45],701.4138247096065,531.2419362994491,24
ABCDEFGHIJK,[1963],569.9889475016655,531.2419362994491,24
ABCDEFGHIJK,[756],540.5562367565328,531.2419362994491,24
ABCDEFGHIJK,[599],502.0004153684472,531.2419362994491,24
ABCDEFGHIJK,[526],651.4583870204551,531.2419362994491,24
ABCDEFGHIJK,[534],608.4449612352784,531.2419362994491,24
ABCDEFGHIJK,[724],369.89389599720914,531.2419362994491,24
ABCDEFGHIJK,[567],234.22457612425987,531.2419362994491,24
ABCDEFGHIJK,[141],255.8618992404811,531.2419362994491,24
ABCDEFGHIJK,[81],396.44738010226115,531.2419362994491,24
ABCDEFGHIJK,[44],585.2644791383685,531.2419362994491,24
ABCDEFGHIJK,[38],698.1836534999853,531.2419362994491,24
ABCDEFGHIJK,[85],566.840652069281,531.2419362994491,24
ABCDEFGHIJK,[1971],537.4927753004639,531.2419362994491,24
ABCDEFGHIJK,[726],499.01991067640193,531.2419362994491,24
ABCDEFGHIJK,[373],648.5586259143879,531.2419362994491,24
ABCDEFGHIJK,[262],605.6237590291796,531.2419362994491,24
ABCDEFGHIJK,[530],367.14912463201824,531.2419362994491,24
ABCDEFGHIJK,[751],231.55416498520594,531.2419362994491,24
ABCDEFGHIJK,[289],253.26383379210742,531.2419362994491,24
ABCDEFGHIJK,[756],1621.2913811421165,572.2838190943613,18
ABCDEFGHIJK,[599],350.23524787751245,572.2838190943613,18
ABCDEFGHIJK,[526],986.9752147974687,572.2838190943613,18
ABCDEFGHIJK,[534],1110.8147173763168,572.2838190943613,18
ABCDEFGHIJK,[724],635.8835771503059,572.2838190943613,18
ABCDEFGHIJK,[567],186.78452225311327,572.2838190943613,18
ABCDEFGHIJK,[141],165.9548656367407,572.2838190943613,18
ABCDEFGHIJK,[81],191.9180950832487,572.2838190943613,18
ABCDEFGHIJK,[44],172.98315795532457,572.2838190943613,18
ABCDEFGHIJK,[38],244.98540566974918,572.2838190943613,18
ABCDEFGHIJK,[85],1667.6940132236941,572.2838190943613,18
ABCDEFGHIJK,[1971],1402.0867124891017,572.2838190943613,18
ABCDEFGHIJK,[726],396.0967774400355,572.2838190943613,18
ABCDEFGHIJK,[373],931.9331818458622,572.2838190943613,18
ABCDEFGHIJK,[262],1102.9576044767464,572.2838190943613,18
ABCDEFGHIJK,[530],613.8044197548145,572.2838190943613,18
ABCDEFGHIJK,[751],174.69909861879984,572.2838190943613,18
ABCDEFGHIJK,[289],153.28999501884084,572.2838190943613,18
ABCDEFGHIJK,[141],397.7554763294213,626.1541056734725,12
ABCDEFGHIJK,[81],144.39558499320162,626.1541056734725,12
ABCDEFGHIJK,[44],264.0121331416414,626.1541056734725,12
ABCDEFGHIJK,[38],170.83952989646235,626.1541056734725,12
ABCDEFGHIJK,[85],1696.9668155786894,626.1541056734725,12
ABCDEFGHIJK,[1971],682.524510105743,626.1541056734725,12
ABCDEFGHIJK,[726],595.5386305905198,626.1541056734725,12
ABCDEFGHIJK,[373],533.044654045907,626.1541056734725,12
ABCDEFGHIJK,[262],675.345279757272,626.1541056734725,12
ABCDEFGHIJK,[530],639.8098453294986,626.1541056734725,12
ABCDEFGHIJK,[751],460.161339394267,626.1541056734725,12
ABCDEFGHIJK,[289],298.65932982497026,626.1541056734725,12
ABCDEFGHIJK,[726],1211.6081215149009,347.72199137688875,6
ABCDEFGHIJK,[373],813.9479334769944,347.72199137688875,6
ABCDEFGHIJK,[262],713.2700381419772,347.72199137688875,6
ABCDEFGHIJK,[530],585.2685737449794,347.72199137688875,6
ABCDEFGHIJK,[751],462.42493687807615,347.72199137688875,6
ABCDEFGHIJK,[289],361.3763938000775,347.72199137688875,6
ABCDEFGHIJK,[530],424.3815472078039,209.7317124785745,3
ABCDEFGHIJK,[751],404.6860640133292,209.7317124785745,3
ABCDEFGHIJK,[289],318.5562823912119,209.7317124785745,3
ABCDEFGHIJK,[289],442.31968130766097,153.31968130766097,1
ABCDEFGHIJKL,[32],-80.1630321223422,160.61530771823695,24
ABCDEFGHIJKL,[17],-251.20860299363835,160.61530771823695,24
ABCDEFGHIJKL,[9],-260.9669072924679,160.61530771823695,24
ABCDEFGHIJKL,[4],-128.6975193818628,160.61530771823695,24
ABCDEFGHIJKL,[4],88.40715467239644,160.61530771823695,24
ABCDEFGHIJKL,[283],217.83425296430153,160.61530771823695,24
ABCDEFGHIJKL,[97],281.68074587372934,160.61530771823695,24
ABCDEFGHIJKL,[34],214.63706400060755,160.61530771823695,24
ABCDEFGHIJKL,[114],158.55754879711364,160.61530771823695,24
ABCDEFGHIJKL,[150],84.41574725317588,160.61530771823695,24
ABCDEFGHIJKL,[85],-35.352516493710795,160.61530771823695,24
ABCDEFGHIJKL,[75],-150.63855132014766,160.61530771823695,24
ABCDEFGHIJKL,[30],-226.40201887035488,160.61530771823695,24
ABCDEFGHIJKL,[7],-168.72032658352128,160.61530771823695,24
ABCDEFGHIJKL,[2],-28.94117713706379,160.61530771823695,24
ABCDEFGHIJKL,[6],140.8077452742578,160.61530771823695,24
ABCDEFGHIJKL,[14],201.85646470635538,160.61530771823695,24
ABCDEFGHIJKL,[315],216.32266746842737,160.61530771823695,24
ABCDEFGHIJKL,[180],142.6030567925808,160.61530771823695,24
ABCDEFGHIJKL,[128],119.65644436445729,160.61530771823695,24
ABCDEFGHIJKL,[71],94.5617948205679,160.61530771823695,24
ABCDEFGHIJKL,[133],10.921554271917337,160.61530771823695,24
ABCDEFGHIJKL,[156],-98.64878702699829,160.61530771823695,24
ABCDEFGHIJKL,[30],-197.56455687307633,160.61530771823695,24
ABCDEFGHIJKL,[97],327.8524950752892,168.84743140383475,18
ABCDEFGHIJKL,[34],274.13534977318244,168.84743140383475,18
ABCDEFGHIJKL,[114],307.8433509913915,168.84743140383475,18
ABCDEFGHIJKL,[150],305.1821595813795,168.84743140383475,18
ABCDEFGHIJKL,[85],185.93465191532755,168.84743140383475,18
ABCDEFGHIJKL,[75],111.37679078808799,168.84743140383475,18
ABCDEFGHIJKL,[30],92.83577637183609,168.84743140383475,18
ABCDEFGHIJKL,[7],82.26701222706791,168.84743140383475,18
ABCDEFGHIJKL,[2],75.2019596086016,168.84743140383475,18
ABCDEFGHIJKL,[6],74.12901843523643,168.84743140383475,18
ABCDEFGHIJKL,[14],345.0906284917644,168.84743140383475,18
ABCDEFGHIJKL,[315],388.5069549633014,168.84743140383475,18
ABCDEFGHIJKL,[180],335.05634116645945,168.84743140383475,18
ABCDEFGHIJKL,[128],368.1718385294059,168.84743140383475,18
ABCDEFGHIJKL,[71],364.5156501367649,168.84743140383475,18
ABCDEFGHIJKL,[133],244.09303427650363,168.84743140383475,18
ABCDEFGHIJKL,[156],168.28808775733572,168.84743140383475,18
ABCDEFGHIJKL,[30],148.48040702204653,168.84743140383475,18
ABCDEFGHIJKL,[30],53.133378068068566,95.8000014710155,12
ABCDEFGHIJKL,[7],39.88191283588601,95.8000014710155,12
ABCDEFGHIJKL,[2],33.69651500998515,95.8000014710155,12
ABCDEFGHIJKL,[6],40.737650244328464,95.8000014710155,12
ABCDEFGHIJKL,[14],198.31863473974906,95.8000014710155,12
ABCDEFGHIJKL,[315],105.13438913505368,95.8000014710155,12
ABCDEFGHIJKL,[180],74.77383016752597,95.8000014710155,12
ABCDEFGHIJKL,[128],137.44789967791272,95.8000014710155,12
ABCDEFGHIJKL,[71],161.2563030656435,95.8000014710155,12
ABCDEFGHIJKL,[133],96.24646267753073,95.8000014710155,12
ABCDEFGHIJKL,[156],72.47803111269533,95.8000014710155,12
ABCDEFGHIJKL,[30],55.53920914426288,95.8000014710155,12
ABCDEFGHIJKL,[180],141.74260962024738,51.89409009803302,6
ABCDEFGHIJKL,[128],146.76700429304287,51.89409009803302,6
ABCDEFGHIJKL,[71],152.97744848609366,51.89409009803302,6
ABCDEFGHIJKL,[133],101.37050582661256,51.89409009803302,6
ABCDEFGHIJKL,[156],80.48251446950923,51.89409009803302,6
ABCDEFGHIJKL,[30],60.30731876973545,51.89409009803302,6
ABCDEFGHIJKL,[133],70.44146451508028,62.913241858851265,3
ABCDEFGHIJKL,[156],71.03173446180517,62.913241858851265,3
ABCDEFGHIJKL,[30],57.22226098221453,62.913241858851265,3
ABCDEFGHIJKL,[30],93.58634452893153,63.586344528931534,1
ABCDEFGHIJKLM,[22],182.36838000081377,195.98327502548642,24
ABCDEFGHIJKLM,[18],129.60152900490766,195.98327502548642,24
ABCDEFGHIJKLM,[7],121.84606310669294,195.98327502548642,24
ABCDEFGHIJKLM,[6],113.15112992375526,195.98327502548642,24
ABCDEFGHIJKLM,[4],105.12673115985025,195.98327502548642,24
ABCDEFGHIJKLM,[483],97.66959503921954,195.98327502548642,24
ABCDEFGHIJKLM,[222],124.66088787524332,195.98327502548642,24
ABCDEFGHIJKLM,[72],254.81853852087997,195.98327502548642,24
ABCDEFGHIJKLM,[262],368.01470081606476,195.98327502548642,24
ABCDEFGHIJKLM,[328],205.69620312255563,195.98327502548642,24
ABCDEFGHIJKLM,[193],162.94805610179378,195.98327502548642,24
ABCDEFGHIJKLM,[90],229.99586919299097,195.98327502548642,24
ABCDEFGHIJKLM,[36],177.16689646052245,195.98327502548642,24
ABCDEFGHIJKLM,[19],165.91772236124424,195.98327502548642,24
ABCDEFGHIJKLM,[7],154.1009270283139,195.98327502548642,24
ABCDEFGHIJKLM,[11],143.17163590630358,195.98327502548642,24
ABCDEFGHIJKLM,[20],133.01582489558032,195.98327502548642,24
ABCDEFGHIJKLM,[816],157.49986504394843,195.98327502548642,24
ABCDEFGHIJKLM,[229],285.3281128885257,195.98327502548642,24
ABCDEFGHIJKLM,[200],396.3601064320934,195.98327502548642,24
ABCDEFGHIJKLM,[221],232.03095331812125,195.98327502548642,24
ABCDEFGHIJKLM,[340],187.41477488003608,195.98327502548642,24
ABCDEFGHIJKLM,[189],252.72706365385207,195.98327502548642,24
ABCDEFGHIJKLM,[78],198.28567443401104,195.98327502548642,24
ABCDEFGHIJKLM,[222],440.9554215148769,219.05029239776368,18
ABCDEFGHIJKLM,[72],408.97349228730604,219.05029239776368,18
ABCDEFGHIJKLM,[262],465.09367467540056,219.05029239776368,18
ABCDEFGHIJKLM,[328],274.29174543222337,219.05029239776368,18
ABCDEFGHIJKLM,[193],222.91484453597366,219.05029239776368,18
ABCDEFGHIJKLM,[90],138.27550505512983,219.05029239776368,18
ABCDEFGHIJKLM,[36],130.34708826347787,219.05029239776368,18
ABCDEFGHIJKLM,[19],116.63898772487248,219.05029239776368,18
ABCDEFGHIJKLM,[7],112.85639139419078,219.05029239776368,18
ABCDEFGHIJKLM,[11],108.30284897214037,219.05029239776368,18
ABCDEFGHIJKLM,[20],562.9217653457254,219.05029239776368,18
ABCDEFGHIJKLM,[816],521.9451037017501,219.05029239776368,18
ABCDEFGHIJKLM,[229],495.5122078913908,219.05029239776368,18
ABCDEFGHIJKLM,[200],552.396714103441,219.05029239776368,18
ABCDEFGHIJKLM,[221],360.5759723968675,219.05029239776368,18
ABCDEFGHIJKLM,[340],307.5351704251882,219.05029239776368,18
ABCDEFGHIJKLM,[189],221.0178703852004,219.05029239776368,18
ABCDEFGHIJKLM,[78],211.16023210825344,219.05029239776368,18
ABCDEFGHIJKLM,[36],100.32558148537228,214.5703581895,12
ABCDEFGHIJKLM,[19],89.58906202942651,214.5703581895,12
ABCDEFGHIJKLM,[7],87.60609058947003,214.5703581895,12
ABCDEFGHIJKLM,[11],84.82754005122204,214.5703581895,12
ABCDEFGHIJKLM,[20],399.04703557179215,214.5703581895,12
ABCDEFGHIJKLM,[816],233.97364335127196,214.5703581895,12
ABCDEFGHIJKLM,[229],167.23944381504788,214.5703581895,12
ABCDEFGHIJKLM,[200],320.3062722618719,214.5703581895,12
ABCDEFGHIJKLM,[221],324.0406962540491,214.5703581895,12
ABCDEFGHIJKLM,[340],224.56203672587336,214.5703581895,12
ABCDEFGHIJKLM,[189],136.97874837813066,214.5703581895,12
ABCDEFGHIJKLM,[78],141.62389657985372,214.5703581895,12
ABCDEFGHIJKLM,[229],93.74273645250713,112.01167216292652,6
ABCDEFGHIJKLM,[200],381.1842504085213,112.01167216292652,6
ABCDEFGHIJKLM,[221],257.7521274397711,112.01167216292652,6
ABCDEFGHIJKLM,[340],282.9447989247894,112.01167216292652,6
ABCDEFGHIJKLM,[189],71.26771073523562,112.01167216292652,6
ABCDEFGHIJKLM,[78],153.43554526449614,112.01167216292652,6
ABCDEFGHIJKLM,[340],195.9222756306383,91.08877744686217,3
ABCDEFGHIJKLM,[189],125.97473263666383,91.08877744686217,3
ABCDEFGHIJKLM,[78],90.68546982252494,91.08877744686217,3
ABCDEFGHIJKLM,[78],134.61788758253746,56.61788758253746,1
ABCDEFGHIJKLMN,[21],-97.37220660561296,324.09939214296344,24
ABCDEFGHIJKLMN,[21],-233.8833902548421,324.09939214296344,24
ABCDEFGHIJKLMN,[29],-247.96295940513716,324.09939214296344,24
ABCDEFGHIJKLMN,[40],-160.19146049068058,324.09939214296344,24
ABCDEFGHIJKLMN,[4],-2.384340811707805,324.09939214296344,24
ABCDEFGHIJKLMN,[767],271.4912066608683,324.09939214296344,24
ABCDEFGHIJKLMN,[361],407.8998196880246,324.09939214296344,24
ABCDEFGHIJKLMN,[241],567.9355321720178,324.09939214296344,24
ABCDEFGHIJKLMN,[320],663.9706107503201,324.09939214296344,24
ABCDEFGHIJKLMN,[380],288.7720407786124,324.09939214296344,24
ABCDEFGHIJKLMN,[220],76.65940351424429,324.09939214296344,24
ABCDEFGHIJKLMN,[138],-207.8449137256141,324.09939214296344,24
ABCDEFGHIJKLMN,[57],-354.2461003375368,324.09939214296344,24
ABCDEFGHIJKLMN,[37],-327.1570215348083,324.09939214296344,24
ABCDEFGHIJKLMN,[15],-174.6596663425177,324.09939214296344,24
ABCDEFGHIJKLMN,[7],40.13348550805456,324.09939214296344,24
ABCDEFGHIJKLMN,[49],341.696712323077,324.09939214296344,24
ABCDEFGHIJKLMN,[1073],471.3966553994016,324.09939214296344,24
ABCDEFGHIJKLMN,[224],600.2987821398606,324.09939214296344,24
ABCDEFGHIJKLMN,[284],658.5861351493178,324.09939214296344,24
ABCDEFGHIJKLMN,[375],255.7780299833243,324.09939214296344,24
ABCDEFGHIJKLMN,[347],35.29412703014842,324.09939214296344,24
ABCDEFGHIJKLMN,[305],-238.98718187609282,324.09939214296344,24
ABCDEFGHIJKLMN,[113],-364.6456434344879,324.09939214296344,24
ABCDEFGHIJKLMN,[361],580.7111671818512,451.503966184846,18
ABCDEFGHIJKLMN,[241],783.2143017238725,451.503966184846,18
ABCDEFGHIJKLMN,[320],905.7179811080866,451.503966184846,18
ABCDEFGHIJKLMN,[380],397.49360295649547,451.503966184846,18
ABCDEFGHIJKLMN,[220],87.9035513679215,451.503966184846,18
ABCDEFGHIJKLMN,[138],-117.73441001117403,451.503966184846,18
ABCDEFGHIJKLMN,[57],-94.85966584404227,451.503966184846,18
ABCDEFGHIJKLMN,[37],-10.843369899248806,451.503966184846,18
ABCDEFGHIJKLMN,[15],90.78451604391455,451.503966184846,18
ABCDEFGHIJKLMN,[7],68.50713505026307,451.503966184846,18
ABCDEFGHIJKLMN,[49],1180.6221429749367,451.503966184846,18
ABCDEFGHIJKLMN,[1073],787.1362954409973,451.503966184846,18
ABCDEFGHIJKLMN,[224],952.3979732205494,451.503966184846,18
ABCDEFGHIJKLMN,[284],977.0213146600132,451.503966184846,18
ABCDEFGHIJKLMN,[375],364.2585995958486,451.503966184846,18
ABCDEFGHIJKLMN,[347],-12.236557338390384,451.503966184846,18
ABCDEFGHIJKLMN,[305],-228.43347566036033,451.503966184846,18
ABCDEFGHIJKLMN,[113],-168.4094480584823,451.503966184846,18
ABCDEFGHIJKLMN,[57],-149.15038318982351,323.0784234800062,12
ABCDEFGHIJKLMN,[37],112.52690231326665,323.0784234800062,12
ABCDEFGHIJKLMN,[15],-2.92381325918781,323.0784234800062,12
ABCDEFGHIJKLMN,[7],43.983834885393584,323.0784234800062,12
ABCDEFGHIJKLMN,[49],858.3302502664991,323.0784234800062,12
ABCDEFGHIJKLMN,[1073],417.1007139366129,323.0784234800062,12
ABCDEFGHIJKLMN,[224],170.57719598203448,323.0784234800062,12
ABCDEFGHIJKLMN,[284],287.352282347858,323.0784234800062,12
ABCDEFGHIJKLMN,[375],374.67105454953224,323.0784234800062,12
ABCDEFGHIJKLMN,[347],256.558163834216,323.0784234800062,12
ABCDEFGHIJKLMN,[305],144.5117884156615,323.0784234800062,12
ABCDEFGHIJKLMN,[113],-170.97850411663515,323.0784234800062,12
ABCDEFGHIJKLMN,[224],219.57114641474064,143.10485244983923,6
ABCDEFGHIJKLMN,[284],505.79619177543304,143.10485244983923,6
ABCDEFGHIJKLMN,[375],280.2648077704136,143.10485244983923,6
ABCDEFGHIJKLMN,[347],344.9660349353616,143.10485244983923,6
ABCDEFGHIJKLMN,[305],69.37123919612633,143.10485244983923,6
ABCDEFGHIJKLMN,[113],208.71322144483105,143.10485244983923,6
ABCDEFGHIJKLMN,[347],282.6784086463399,123.00215576171144,3
ABCDEFGHIJKLMN,[305],105.27217012488032,123.00215576171144,3
ABCDEFGHIJKLMN,[113],149.87977528663885,123.00215576171144,3
ABCDEFGHIJKLMN,[113],163.88315083554443,50.88315083554443,1
ABCDEFGHIJKLMNO,[801],-2104.8810408267345,4905.085334535309,24
ABCDEFGHIJKLMNO,[150],-4972.469866709932,4905.085334535309,24
ABCDEFGHIJKLMNO,[173],-357.8519642608293,4905.085334535309,24
ABCDEFGHIJKLMNO,[84],4794.462178129017,4905.085334535309,24
ABCDEFGHIJKLMNO,[248],2732.039643227257,4905.085334535309,24
ABCDEFGHIJKLMNO,[8160],-3440.771735793145,4905.085334535309,24
ABCDEFGHIJKLMNO,[2547],-4435.491386098415,4905.085334535309,24
ABCDEFGHIJKLMNO,[1643],1243.7393232419336,4905.085334535309,24
ABCDEFGHIJKLMNO,[2094],5906.874916337198,4905.085334535309,24
ABCDEFGHIJKLMNO,[3000],4381.613899111284,4905.085334535309,24
ABCDEFGHIJKLMNO,[3392],-1512.7114260432027,4905.085334535309,24
ABCDEFGHIJKLMNO,[3156],-5311.46830458817,4905.085334535309,24
ABCDEFGHIJKLMNO,[829],-1680.0269817920553,4905.085334535309,24
ABCDEFGHIJKLMNO,[238],4478.657623589969,4905.085334535309,24
ABCDEFGHIJKLMNO,[138],3897.614416408524,4905.085334535309,24
ABCDEFGHIJKLMNO,[212],-2547.8185190864847,4905.085334535309,24
ABCDEFGHIJKLMNO,[493],-5158.683697383506,4905.085334535309,24
ABCDEFGHIJKLMNO,[8893],-7.199687407335659,4905.085334535309,24
ABCDEFGHIJKLMNO,[3544],5154.291143458971,4905.085334535309,24
ABCDEFGHIJKLMNO,[2788],3415.820906126689,4905.085334535309,24
ABCDEFGHIJKLMNO,[2131],-761.8950144296377,4905.085334535309,24
ABCDEFGHIJKLMNO,[2671],-1569.151851405628,4905.085334535309,24
ABCDEFGHIJKLMNO,[5132],-196.73379884380938,4905.085334535309,24
ABCDEFGHIJKLMNO,[2781],909.2501248729313,4905.085334535309,24
ABCDEFGHIJKLMNO,[2547],11882.5336390849,4357.606462274502,18
ABCDEFGHIJKLMNO,[1643],6994.466468890449,4357.606462274502,18
ABCDEFGHIJKLMNO,[2094],-1607.7954772683297,4357.606462274502,18
ABCDEFGHIJKLMNO,[3000],-916.3571765387237,4357.606462274502,18
ABCDEFGHIJKLMNO,[3392],2789.712113076145,4357.606462274502,18
ABCDEFGHIJKLMNO,[3156],3107.1228929125054,4357.606462274502,18
ABCDEFGHIJKLMNO,[829],1884.8035435626969,4357.606462274502,18
ABCDEFGHIJKLMNO,[238],-69.53811706163921,4357.606462274502,18
ABCDEFGHIJKLMNO,[138],-948.843109861437,4357.606462274502,18
ABCDEFGHIJKLMNO,[212],-91.54333831456174,4357.606462274502,18
ABCDEFGHIJKLMNO,[493],10104.309302383772,4357.606462274502,18
ABCDEFGHIJKLMNO,[8893],14578.416269617714,4357.606462274502,18
ABCDEFGHIJKLMNO,[3544],8358.157350452111,4357.606462274502,18
ABCDEFGHIJKLMNO,[2788],-2348.549376404929,4357.606462274502,18
ABCDEFGHIJKLMNO,[2131],-2020.1634992361455,4357.606462274502,18
ABCDEFGHIJKLMNO,[2671],2621.6569940082177,4357.606462274502,18
ABCDEFGHIJKLMNO,[5132],3609.3367174538753,4357.606462274502,18
ABCDEFGHIJKLMNO,[2781],2230.2643925347784,4357.606462274502,18
ABCDEFGHIJKLMNO,[829],2069.530001949017,2772.247687976266,12
ABCDEFGHIJKLMNO,[238],1831.1085698759034,2772.247687976266,12
ABCDEFGHIJKLMNO,[138],1801.7867041693971,2772.247687976266,12
ABCDEFGHIJKLMNO,[212],1900.9307358131691,2772.247687976266,12
ABCDEFGHIJKLMNO,[493],6812.809312904301,2772.247687976266,12
ABCDEFGHIJKLMNO,[8893],3328.343258376925,2772.247687976266,12
ABCDEFGHIJKLMNO,[3544],2767.161543938236,2772.247687976266,12
ABCDEFGHIJKLMNO,[2788],3275.017606406347,2772.247687976266,12
ABCDEFGHIJKLMNO,[2131],4441.040573783135,2772.247687976266,12
ABCDEFGHIJKLMNO,[2671],4628.590956436974,2772.247687976266,12
ABCDEFGHIJKLMNO,[5132],3894.9652741515238,2772.247687976266,12
ABCDEFGHIJKLMNO,[2781],3067.253097540728,2772.247687976266,12
ABCDEFGHIJKLMNO,[3544],1185.4287344744257,1804.4771832140716,6
ABCDEFGHIJKLMNO,[2788],3344.330787839808,1804.4771832140716,6
ABCDEFGHIJKLMNO,[2131],2515.8190338535715,1804.4771832140716,6
ABCDEFGHIJKLMNO,[2671],4363.259419257426,1804.4771832140716,6
ABCDEFGHIJKLMNO,[5132],1876.1399136205587,1804.4771832140716,6
ABCDEFGHIJKLMNO,[2781],2552.937430910837,1804.4771832140716,6
ABCDEFGHIJKLMNO,[2671],3941.9980643524123,1770.7879300445702,3
ABCDEFGHIJKLMNO,[5132],2386.7940907759935,1770.7879300445702,3
ABCDEFGHIJKLMNO,[2781],2275.551569446875,1770.7879300445702,3
ABCDEFGHIJKLMNO,[2781],2494.201306553682,286.7986934463179,1
